CNES,Ano,Faixa_Etaria,Magreza_Acentuada_Qtd,Magreza_Qtd,Eutrofia_Qtd,Sobrepeso_Qtd,Obesidade_Qtd,Obesidade_Grave_Qtd,Total,Magreza_Acentuada_Pct,Magreza_Pct,Eutrofia_Pct,Sobrepeso_Pct,Obesidade_Pct,Obesidade_Grave_Pct,cnes,lat_ubs,lon_ubs,qtd_esc_publicas,qtd_esc_privadas,esc_media_desnutricao,esc_media_obesidade,esc_media_sobrepeso,esc_media_eutrofia,qtd_fastfood,qtd_supermercados,qtd_pracas_esporte,acesso_transporte,Faixa_Etaria_Cod,Obesidade_Total_Pct,Tendencia_Desnutricao,Desnutricao_Ano_Anterior,Delta_Desnutricao,Tendencia_Magreza,Magreza_Ano_Anterior,Delta_Magreza,Tendencia_Eutrofia,Eutrofia_Ano_Anterior,Delta_Eutrofia,Tendencia_Sobrepeso,Sobrepeso_Ano_Anterior,Delta_Sobrepeso,Tendencia_Obesidade,Obesidade_Ano_Anterior,Delta_Obesidade,Status,Delta_Predito_Obesidade,Delta_Predito_Desnutricao,Delta_Predito_Magreza,Delta_Predito_Sobrepeso,Delta_Predito_Eutrofia,Delta_Predito
2030462,2010,0 a 18 anos,31,119,323,99,33,26,631,4.912837,18.858954,51.18859,15.689382,9.350238000000001,4.120444,2030462,-22.408,-47.575,22,2,2.966666666666667,11.070833333333333,17.116666666666664,68.84583333333335,7,8,62,8,0,9.350238000000001,4.912837,,,18.858954,,,51.18859,,,15.689382,,,9.350238000000001,,0.0,DADO HISTÓRICO,0.0,0.0,0.0,0.0,0.0,0.0
2030462,2011,0 a 18 anos,28,133,329,113,42,23,668,4.552227,19.384567,50.2200435,16.302775,9.5403885,3.443114,2030462,-22.408,-47.575,22,2,2.966666666666667,11.070833333333333,17.116666666666664,68.84583333333335,7,8,62,8,0,9.730539,4.552227,4.912837,-0.36060999999999943,19.384567,18.858954,0.5256129999999999,50.2200435,51.18859,-0.9685464999999951,16.302775,15.689382,0.6133930000000003,9.5403885,9.350238000000001,0.0,DADO HISTÓRICO,0.0,0.0,0.0,0.0,0.0,0.0
2030462,2012,0 a 18 anos,30,119,334,103,38,29,653,4.566211666666667,18.997572333333334,50.529543999999994,16.126301333333334,9.780371333333333,4.441041,2030462,-22.408,-47.575,22,2,2.966666666666667,11.070833333333333,17.116666666666664,68.84583333333335,7,8,62,8,0,10.260337,4.566211666666667,4.552227,0.013984666666666534,18.997572333333334,19.384567,-0.3869946666666664,50.529543999999994,50.2200435,0.3095004999999915,16.126301333333334,16.302775,-0.17647366666666642,9.780371333333333,9.5403885,0.0,DADO HISTÓRICO,0.0,0.0,0.0,0.0,0.0,0.0
2030462,2013,0 a 18 anos,28,119,359,79,40,38,663,4.336341999999999,18.694160333333333,51.515951666666666,14.868352333333334,10.585194,5.731523,2030462,-22.408,-47.575,22,2,2.966666666666667,11.070833333333333,17.116666666666664,68.84583333333335,7,8,62,8,0,11.764706,4.336341999999999,4.566211666666667,-0.22986966666666753,18.694160333333333,18.997572333333334,-0.30341200000000157,51.515951666666666,50.529543999999994,0.9864076666666719,14.868352333333334,16.126301333333334,-1.257949,10.585194,9.780371333333333,0.0,DADO HISTÓRICO,0.0,0.0,0.0,0.0,0.0,0.0
2030462,2014,0 a 18 anos,27,92,308,105,44,11,587,4.4723559999999996,17.281738,52.58884833333334,15.192151,10.464906333333333,1.873935,2030462,-22.408,-47.575,22,2,2.966666666666667,11.070833333333333,17.116666666666664,68.84583333333335,7,8,62,8,0,9.369676,4.4723559999999996,4.336341999999999,0.1360140000000003,17.281738,18.694160333333333,-1.412422333333332,52.58884833333334,51.515951666666666,1.0728966666666722,15.192151,14.868352333333334,0.3237986666666668,10.464906333333333,10.585194,0.0,DADO HISTÓRICO,0.0,0.0,0.0,0.0,0.0,0.0
2030462,2015,0 a 18 anos,32,132,306,106,44,19,639,4.610237333333333,18.092969333333333,51.50177466666667,15.463839333333334,10.331179,2.973396,2030462,-22.408,-47.575,22,2,2.966666666666667,11.070833333333333,17.116666666666664,68.84583333333335,7,8,62,8,0,9.859155000000001,4.610237333333333,4.4723559999999996,0.13788133333333352,18.092969333333333,17.281738,0.8112313333333319,51.50177466666667,52.58884833333334,-1.0870736666666687,15.463839333333334,15.192151,0.27168833333333353,10.331179,10.464906333333333,0.0,DADO HISTÓRICO,0.0,0.0,0.0,0.0,0.0,0.0
2030462,2016,0 a 18 anos,41,109,340,119,42,24,675,5.227186,17.492779333333335,50.242627,17.368537666666665,9.668869666666668,3.555556,2030462,-22.408,-47.575,22,2,2.966666666666667,11.070833333333333,17.116666666666664,68.84583333333335,7,8,62,8,0,9.777778000000001,5.227186,4.610237333333333,0.6169486666666666,17.492779333333335,18.092969333333333,-0.6001899999999978,50.242627,51.50177466666667,-1.2591476666666708,17.368537666666665,15.463839333333334,1.9046983333333305,9.668869666666668,10.331179,0.0,DADO HISTÓRICO,0.0,0.0,0.0,0.0,0.0,0.0
2030462,2017,0 a 18 anos,27,131,317,84,41,25,625,5.133966333333333,19.255141666666667,49.65923133333333,15.886016333333332,10.065644333333333,4.0,2030462,-22.408,-47.575,22,2,2.966666666666667,11.070833333333333,17.116666666666664,68.84583333333335,7,8,62,8,0,10.559999999999999,5.133966333333333,5.227186,-0.09321966666666626,19.255141666666667,17.492779333333335,1.762362333333332,49.65923133333333,50.242627,-0.583395666666668,15.886016333333332,17.368537666666665,-1.4825213333333327,10.065644333333333,9.668869666666668,0.0,DADO HISTÓRICO,0.0,0.0,0.0,0.0,0.0,0.0
2030462,2018,0 a 18 anos,31,120,294,100,48,18,611,5.155908,18.91602766666667,49.736070000000005,15.812080666666665,10.379914000000001,2.94599,2030462,-22.408,-47.575,22,2,2.966666666666667,11.070833333333333,17.116666666666664,68.84583333333335,7,8,62,8,0,10.801964,5.155908,5.133966333333333,0.021941666666666748,18.91602766666667,19.255141666666667,-0.3391139999999986,49.736070000000005,49.65923133333333,0.07683866666667427,15.812080666666665,15.886016333333332,-0.07393566666666729,10.379914000000001,10.065644333333333,0.0,DADO HISTÓRICO,0.0,0.0,0.0,0.0,0.0,0.0
2030462,2019,0 a 18 anos,44,106,350,107,41,29,677,5.297637000000001,18.752415666666668,50.178836999999994,15.203877999999998,10.567232666666667,4.283604,2030462,-22.408,-47.575,22,2,2.966666666666667,11.070833333333333,17.116666666666664,68.84583333333335,7,8,62,8,0,10.339734,5.297637000000001,5.155908,0.14172900000000066,18.752415666666668,18.91602766666667,-0.16361200000000053,50.178836999999994,49.736070000000005,0.44276699999998925,15.203877999999998,15.812080666666665,-0.6082026666666671,10.567232666666667,10.379914000000001,0.0,DADO HISTÓRICO,0.0,0.0,0.0,0.0,0.0,0.0
2030462,2020,0 a 18 anos,33,124,335,99,30,32,653,5.54217,18.095509,50.372732000000006,15.777476666666667,10.212112666666666,4.900459,2030462,-22.408,-47.575,22,2,2.966666666666667,11.070833333333333,17.116666666666664,68.84583333333335,7,8,62,8,0,9.49464,5.54217,5.297637000000001,0.24453299999999878,18.095509,18.752415666666668,-0.6569066666666679,50.372732000000006,50.178836999999994,0.19389500000001192,15.777476666666667,15.203877999999998,0.573598666666669,10.212112666666666,10.567232666666667,0.0,DADO HISTÓRICO,0.0,0.0,0.0,0.0,0.0,0.0
2030462,2021,0 a 18 anos,35,137,337,84,44,33,670,5.592247,18.364784333333333,51.09962099999999,14.501043666666666,10.442303666666666,4.925373,2030462,-22.408,-47.575,22,2,2.966666666666667,11.070833333333333,17.116666666666664,68.84583333333335,7,8,62,8,0,11.492536999999999,5.592247,5.54217,0.050077000000000815,18.364784333333333,18.095509,0.26927533333333287,51.09962099999999,50.372732000000006,0.7268889999999857,14.501043666666666,15.777476666666667,-1.2764330000000008,10.442303666666666,10.212112666666666,0.0,DADO HISTÓRICO,0.0,0.0,0.0,0.0,0.0,0.0
2030462,2022,0 a 18 anos,36,129,293,112,42,13,625,5.3458266666666665,20.025680333333334,49.49339733333334,15.206036333333332,9.929059,2.08,2030462,-22.408,-47.575,22,2,2.966666666666667,11.070833333333333,17.116666666666664,68.84583333333335,7,8,62,8,0,8.8,5.3458266666666665,5.592247,-0.2464203333333339,20.025680333333334,18.364784333333333,1.660896000000001,49.49339733333334,51.09962099999999,-1.6062236666666507,15.206036333333332,14.501043666666666,0.7049926666666657,9.929059,10.442303666666666,0.0,DADO HISTÓRICO,0.0,0.0,0.0,0.0,0.0,0.0
2030462,2023,0 a 18 anos,22,115,287,104,30,32,590,4.904231666666667,20.193095333333332,48.607525,16.028144,10.267004,5.423729,2030462,-22.408,-47.575,22,2,2.966666666666667,11.070833333333333,17.116666666666664,68.84583333333335,7,8,62,8,0,10.508475,4.904231666666667,5.3458266666666665,-0.4415949999999995,20.193095333333332,20.025680333333334,0.16741499999999832,48.607525,49.49339733333334,-0.8858723333333387,16.028144,15.206036333333332,0.8221076666666693,10.267004,9.929059,0.0,DADO HISTÓRICO,0.0,0.0,0.0,0.0,0.0,0.0
2030462,2024,0 a 18 anos,39,135,377,85,35,26,697,5.028074333333333,19.833416,49.871007,15.914080333333333,9.353423000000001,3.730273,2030462,-22.408,-47.575,22,2,2.966666666666667,11.070833333333333,17.116666666666664,68.84583333333335,7,8,62,8,0,8.751794,5.028074333333333,4.904231666666667,0.12384266666666566,19.833416,20.193095333333332,-0.35967933333333235,49.871007,48.607525,1.2634819999999962,15.914080333333333,16.028144,-0.11406366666666834,9.353423000000001,10.267004,0.0,DADO HISTÓRICO,0.0,0.0,0.0,0.0,0.0,0.0
2030462,2025,0 a 18 anos,40,108,352,113,36,33,682,5.063108666666667,18.232008333333333,51.448641333333335,15.463718666666667,9.792523666666666,4.83871,2030462,-22.408,-47.575,22,2,2.966666666666667,11.070833333333333,17.116666666666664,68.84583333333335,7,8,62,8,0,10.117301999999999,5.063108666666667,5.028074333333333,0.03503433333333472,18.232008333333333,19.833416,-1.6014076666666668,51.448641333333335,49.871007,1.5776343333333358,15.463718666666667,15.914080333333333,-0.4503616666666659,9.792523666666666,9.353423000000001,0.0,DADO HISTÓRICO,0.0,0.0,0.0,0.0,0.0,0.0
2031922,2010,0 a 18 anos,41,129,321,112,63,21,687,5.967977,18.777293,46.724891,16.302766,12.227075,3.056769,2031922,-22.425,-47.555,9,0,3.466666666666667,11.711111111111112,18.533333333333335,66.28888888888889,4,6,30,6,0,12.227075,5.967977,,,18.777293,,,46.724891,,,16.302766,,,12.227075,,0.0,DADO HISTÓRICO,0.0,0.0,0.0,0.0,0.0,0.0
2031922,2011,0 a 18 anos,42,145,386,116,60,26,775,5.693666,18.743485,48.265671499999996,15.635254,11.6619245,3.354839,2031922,-22.425,-47.555,9,0,3.466666666666667,11.711111111111112,18.533333333333335,66.28888888888889,4,6,30,6,0,11.096774,5.693666,5.967977,-0.27431099999999997,18.743485,18.777293,-0.033808000000000504,48.265671499999996,46.724891,1.5407804999999968,15.635254,16.302766,-0.6675119999999986,11.6619245,12.227075,0.0,DADO HISTÓRICO,0.0,0.0,0.0,0.0,0.0,0.0
2031922,2012,0 a 18 anos,39,138,372,118,41,27,735,5.564484666666668,18.75416,49.04786266666667,15.774976666666666,10.858516333333332,3.673469,2031922,-22.425,-47.555,9,0,3.466666666666667,11.711111111111112,18.533333333333335,66.28888888888889,4,6,30,6,0,9.2517,5.564484666666668,5.693666,-0.12918133333333248,18.75416,18.743485,0.010674999999999102,49.04786266666667,48.265671499999996,0.7821911666666708,15.774976666666666,15.635254,0.13972266666666577,10.858516333333332,11.6619245,0.0,DADO HISTÓRICO,0.0,0.0,0.0,0.0,0.0,0.0
2031922,2013,0 a 18 anos,27,141,466,125,43,31,833,4.655591333333333,18.137319333333334,52.120358,15.342722,9.744009333333333,3.721489,2031922,-22.425,-47.555,9,0,3.466666666666667,11.711111111111112,18.533333333333335,66.28888888888889,4,6,30,6,0,8.883554,4.655591333333333,5.564484666666668,-0.9088933333333351,18.137319333333334,18.75416,-0.6168406666666648,52.120358,49.04786266666667,3.072495333333336,15.342722,15.774976666666666,-0.43225466666666534,9.744009333333333,10.858516333333332,0.0,DADO HISTÓRICO,0.0,0.0,0.0,0.0,0.0,0.0
2031922,2014,0 a 18 anos,25,124,338,121,40,23,671,4.091067,18.060720666666665,52.309066666666666,16.364403666666664,9.174742,3.42772,2031922,-22.425,-47.555,9,0,3.466666666666667,11.711111111111112,18.533333333333335,66.28888888888889,4,6,30,6,0,9.388971999999999,4.091067,4.655591333333333,-0.564524333333333,18.060720666666665,18.137319333333334,-0.07659866666666915,52.309066666666666,52.120358,0.1887086666666633,16.364403666666664,15.342722,1.0216816666666642,9.174742,9.744009333333333,0.0,DADO HISTÓRICO,0.0,0.0,0.0,0.0,0.0,0.0
2031922,2015,0 a 18 anos,37,155,388,140,47,38,805,3.8544506666666667,18.220436666666664,51.504571,16.810031,9.610510666666666,4.720497,2031922,-22.425,-47.555,9,0,3.466666666666667,11.711111111111112,18.533333333333335,66.28888888888889,4,6,30,6,0,10.559006,3.8544506666666667,4.091067,-0.2366163333333331,18.220436666666664,18.060720666666665,0.15971599999999953,51.504571,52.309066666666666,-0.8044956666666678,16.810031,16.364403666666664,0.44562733333333426,9.610510666666666,9.174742,0.0,DADO HISTÓRICO,0.0,0.0,0.0,0.0,0.0,0.0
2031922,2016,0 a 18 anos,41,152,403,112,48,19,775,4.5374593333333335,19.115814,50.19044533333334,16.625234666666667,9.531046333333334,2.451613,2031922,-22.425,-47.555,9,0,3.466666666666667,11.711111111111112,18.533333333333335,66.28888888888889,4,6,30,6,0,8.645161,4.5374593333333335,3.8544506666666667,0.6830086666666668,19.115814,18.220436666666664,0.8953773333333359,50.19044533333334,51.504571,-1.314125666666662,16.625234666666667,16.810031,-0.18479633333333112,9.531046333333334,9.610510666666666,0.0,DADO HISTÓRICO,0.0,0.0,0.0,0.0,0.0,0.0
2031922,2017,0 a 18 anos,37,147,342,113,38,24,701,5.054923333333334,19.945868,49.66206833333333,15.987582000000002,9.349558,3.42368,2031922,-22.425,-47.555,9,0,3.466666666666667,11.711111111111112,18.533333333333335,66.28888888888889,4,6,30,6,0,8.844507,5.054923333333334,4.5374593333333335,0.5174640000000004,19.945868,19.115814,0.8300540000000005,49.66206833333333,50.19044533333334,-0.5283770000000061,15.987582000000002,16.625234666666667,-0.637652666666666,9.349558,9.531046333333334,0.0,DADO HISTÓRICO,0.0,0.0,0.0,0.0,0.0,0.0
2031922,2018,0 a 18 anos,38,136,372,102,46,16,710,5.30687,19.912625333333335,51.06060433333332,14.979213000000001,8.740687333333334,2.253521,2031922,-22.425,-47.555,9,0,3.466666666666667,11.711111111111112,18.533333333333335,66.28888888888889,4,6,30,6,0,8.732394,5.30687,5.054923333333334,0.2519466666666661,19.912625333333335,19.945868,-0.03324266666666631,51.06060433333332,49.66206833333333,1.398535999999993,14.979213000000001,15.987582000000002,-1.008369,8.740687333333334,9.349558,0.0,DADO HISTÓRICO,0.0,0.0,0.0,0.0,0.0,0.0
2031922,2019,0 a 18 anos,27,145,400,125,46,34,777,4.7017299999999995,19.59549733333333,50.88728799999999,15.524514000000002,9.290970333333332,4.375804,2031922,-22.425,-47.555,9,0,3.466666666666667,11.711111111111112,18.533333333333335,66.28888888888889,4,6,30,6,0,10.296009999999999,4.7017299999999995,5.30687,-0.6051400000000005,19.59549733333333,19.912625333333335,-0.31712800000000385,50.88728799999999,51.06060433333332,-0.1733163333333323,15.524514000000002,14.979213000000001,0.5453010000000003,9.290970333333332,8.740687333333334,0.0,DADO HISTÓRICO,0.0,0.0,0.0,0.0,0.0,0.0
2031922,2020,0 a 18 anos,33,139,364,109,52,23,720,4.470116333333333,19.040668333333333,51.476657666666675,15.197534000000003,9.81502333333333,3.194444,2031922,-22.425,-47.555,9,0,3.466666666666667,11.711111111111112,18.533333333333335,66.28888888888889,4,6,30,6,0,10.416666,4.470116333333333,4.7017299999999995,-0.23161366666666616,19.040668333333333,19.59549733333333,-0.554828999999998,51.476657666666675,50.88728799999999,0.5893696666666841,15.197534000000003,15.524514000000002,-0.32697999999999894,9.81502333333333,9.290970333333332,0.0,DADO HISTÓRICO,0.0,0.0,0.0,0.0,0.0,0.0
2031922,2021,0 a 18 anos,29,172,413,116,46,22,798,3.8974403333333334,19.840320000000002,51.263331,15.254248666666669,9.744659666666665,2.756892,2031922,-22.425,-47.555,9,0,3.466666666666667,11.711111111111112,18.533333333333335,66.28888888888889,4,6,30,6,0,8.521303,3.8974403333333334,4.470116333333333,-0.572676,19.840320000000002,19.040668333333333,0.7996516666666693,51.263331,51.476657666666675,-0.21332666666667421,15.254248666666669,15.197534000000003,0.05671466666666625,9.744659666666665,9.81502333333333,0.0,DADO HISTÓRICO,0.0,0.0,0.0,0.0,0.0,0.0
2031922,2022,0 a 18 anos,33,142,370,88,34,27,694,4.324153666666667,20.440178666666668,51.87468766666667,14.118448333333335,9.242531333333334,3.89049,2031922,-22.425,-47.555,9,0,3.466666666666667,11.711111111111112,18.533333333333335,66.28888888888889,4,6,30,6,0,8.789625000000001,4.324153666666667,3.8974403333333334,0.4267133333333333,20.440178666666668,19.840320000000002,0.5998586666666661,51.87468766666667,51.263331,0.6113566666666657,14.118448333333335,15.254248666666669,-1.135800333333334,9.242531333333334,9.744659666666665,0.0,DADO HISTÓRICO,0.0,0.0,0.0,0.0,0.0,0.0
2031922,2023,0 a 18 anos,48,144,357,94,48,22,713,5.040415333333333,20.737111000000002,51.712877666666664,13.466729,9.042866666666667,3.085554,2031922,-22.425,-47.555,9,0,3.466666666666667,11.711111111111112,18.533333333333335,66.28888888888889,4,6,30,6,0,9.817672,5.040415333333333,4.324153666666667,0.7162616666666661,20.737111000000002,20.440178666666668,0.29693233333333424,51.712877666666664,51.87468766666667,-0.16181000000000267,13.466729,14.118448333333335,-0.6517193333333342,9.042866666666667,9.242531333333334,0.0,DADO HISTÓRICO,0.0,0.0,0.0,0.0,0.0,0.0
2031922,2024,0 a 18 anos,38,132,334,103,46,21,674,5.708381,20.08067266666667,50.979714333333334,13.715248333333335,9.515983333333333,3.115727,2031922,-22.425,-47.555,9,0,3.466666666666667,11.711111111111112,18.533333333333335,66.28888888888889,4,6,30,6,0,9.940653,5.708381,5.040415333333333,0.6679656666666673,20.08067266666667,20.737111000000002,-0.6564383333333339,50.979714333333334,51.712877666666664,-0.7331633333333301,13.715248333333335,13.466729,0.2485193333333342,9.515983333333333,9.042866666666667,0.0,DADO HISTÓRICO,0.0,0.0,0.0,0.0,0.0,0.0
2031922,2025,0 a 18 anos,46,151,385,122,51,38,793,6.056952333333332,19.607512333333332,49.39161099999999,14.616748333333334,10.327176,4.791929,2031922,-22.425,-47.555,9,0,3.466666666666667,11.711111111111112,18.533333333333335,66.28888888888889,4,6,30,6,0,11.223203,6.056952333333332,5.708381,0.34857133333333223,19.607512333333332,20.08067266666667,-0.47316033333333607,49.39161099999999,50.979714333333334,-1.5881033333333434,14.616748333333334,13.715248333333335,0.9014999999999986,10.327176,9.515983333333333,0.0,DADO HISTÓRICO,0.0,0.0,0.0,0.0,0.0,0.0
2033186,2010,0 a 18 anos,10,55,150,44,21,9,289,3.460208,19.031142,51.903114,15.224913,10.380623,3.114187,2033186,-22.418,-47.585,5,0,3.2399999999999998,11.360000000000001,16.18,69.22,1,5,24,4,0,10.380623,3.460208,,,19.031142,,,51.903114,,,15.224913,,,10.380623,,0.0,DADO HISTÓRICO,0.0,0.0,0.0,0.0,0.0,0.0
2033186,2011,0 a 18 anos,22,57,177,61,19,6,342,4.9464785000000004,17.8489045,51.82875,16.530585000000002,8.8452825,1.754386,2033186,-22.418,-47.585,5,0,3.2399999999999998,11.360000000000001,16.18,69.22,1,5,24,4,0,7.309942,4.9464785000000004,3.460208,1.4862705000000003,17.8489045,19.031142,-1.1822374999999994,51.82875,51.903114,-0.07436400000000276,16.530585000000002,15.224913,1.3056720000000013,8.8452825,10.380623,0.0,DADO HISTÓRICO,0.0,0.0,0.0,0.0,0.0,0.0
2033186,2012,0 a 18 anos,18,62,168,45,23,16,332,5.104881333333334,18.12416933333333,51.41997,15.538462333333333,9.812517666666666,4.819277,2033186,-22.418,-47.585,5,0,3.2399999999999998,11.360000000000001,16.18,69.22,1,5,24,4,0,11.746988,5.104881333333334,4.9464785000000004,0.1584028333333336,18.12416933333333,17.8489045,0.2752648333333312,51.41997,51.82875,-0.40878000000000014,15.538462333333333,16.530585000000002,-0.9921226666666687,9.812517666666666,8.8452825,0.0,DADO HISTÓRICO,0.0,0.0,0.0,0.0,0.0,0.0
2033186,2013,0 a 18 anos,13,73,172,54,20,12,344,5.211168666666667,18.854098666666665,50.785598666666665,15.696049333333333,9.453085,3.488372,2033186,-22.418,-47.585,5,0,3.2399999999999998,11.360000000000001,16.18,69.22,1,5,24,4,0,9.302325,5.211168666666667,5.104881333333334,0.10628733333333251,18.854098666666665,18.12416933333333,0.7299293333333345,50.785598666666665,51.41997,-0.6343713333333341,15.696049333333333,15.538462333333333,0.15758699999999948,9.453085,9.812517666666666,0.0,DADO HISTÓRICO,0.0,0.0,0.0,0.0,0.0,0.0
2033186,2014,0 a 18 anos,14,50,157,48,16,17,302,4.612172999999999,18.817306666666667,50.863055,15.048643666666665,10.658821666666666,5.629139,2033186,-22.418,-47.585,5,0,3.2399999999999998,11.360000000000001,16.18,69.22,1,5,24,4,0,10.927152,4.612172999999999,5.211168666666667,-0.5989956666666671,18.817306666666667,18.854098666666665,-0.03679199999999838,50.863055,50.785598666666665,0.07745633333333757,15.048643666666665,15.696049333333333,-0.6474056666666677,10.658821666666666,9.453085,0.0,DADO HISTÓRICO,0.0,0.0,0.0,0.0,0.0,0.0
2033186,2015,0 a 18 anos,15,63,174,60,20,11,343,4.26267,18.714855999999997,50.905206,16.361475,9.755792666666666,3.206997,2033186,-22.418,-47.585,5,0,3.2399999999999998,11.360000000000001,16.18,69.22,1,5,24,4,0,9.037901,4.26267,4.612172999999999,-0.34950299999999945,18.714855999999997,18.817306666666667,-0.10245066666666958,50.905206,50.863055,0.04215099999999694,16.361475,15.048643666666665,1.3128313333333335,9.755792666666666,10.658821666666666,0.0,DADO HISTÓRICO,0.0,0.0,0.0,0.0,0.0,0.0
2033186,2016,0 a 18 anos,14,70,190,56,31,15,376,4.244114666666666,17.846886333333334,51.082511000000004,16.093456,10.733032,3.989362,2033186,-22.418,-47.585,5,0,3.2399999999999998,11.360000000000001,16.18,69.22,1,5,24,4,0,12.234043,4.244114666666666,4.26267,-0.018555333333334367,17.846886333333334,18.714855999999997,-0.8679696666666636,51.082511000000004,50.905206,0.17730500000000404,16.093456,16.361475,-0.2680189999999989,10.733032,9.755792666666666,0.0,DADO HISTÓRICO,0.0,0.0,0.0,0.0,0.0,0.0
2033186,2017,0 a 18 anos,11,68,162,43,19,14,317,3.8555379999999992,19.47849066666667,50.78829299999999,15.316999000000001,10.560679666666667,4.416404,2033186,-22.418,-47.585,5,0,3.2399999999999998,11.360000000000001,16.18,69.22,1,5,24,4,0,10.410095,3.8555379999999992,4.244114666666666,-0.38857666666666635,19.47849066666667,17.846886333333334,1.6316043333333354,50.78829299999999,51.082511000000004,-0.29421800000001497,15.316999000000001,16.093456,-0.7764569999999988,10.560679666666667,10.733032,0.0,DADO HISTÓRICO,0.0,0.0,0.0,0.0,0.0,0.0
2033186,2018,0 a 18 anos,16,59,169,48,16,12,320,4.064478666666666,19.501875000000002,51.48283866666666,14.486095333333333,10.464712666666665,3.75,2033186,-22.418,-47.585,5,0,3.2399999999999998,11.360000000000001,16.18,69.22,1,5,24,4,0,8.75,4.064478666666666,3.8555379999999992,0.20894066666666689,19.501875000000002,19.47849066666667,0.023384333333332563,51.48283866666666,50.78829299999999,0.6945456666666701,14.486095333333333,15.316999000000001,-0.8309036666666678,10.464712666666665,10.560679666666667,0.0,DADO HISTÓRICO,0.0,0.0,0.0,0.0,0.0,0.0
2033186,2019,0 a 18 anos,16,53,174,42,29,14,328,4.449360333333332,18.68238033333333,52.32179366666667,13.789849000000002,10.756616999999999,4.268293,2033186,-22.418,-47.585,5,0,3.2399999999999998,11.360000000000001,16.18,69.22,1,5,24,4,0,13.109755999999999,4.449360333333332,4.064478666666666,0.3848816666666659,18.68238033333333,19.501875000000002,-0.8194946666666709,52.32179366666667,51.48283866666666,0.8389550000000128,13.789849000000002,14.486095333333333,-0.6962463333333311,10.756616999999999,10.464712666666665,0.0,DADO HISTÓRICO,0.0,0.0,0.0,0.0,0.0,0.0
2033186,2020,0 a 18 anos,12,58,161,44,17,15,307,4.595614666666666,17.829514999999997,52.768092333333335,14.045708666666668,10.761069333333333,4.885993,2033186,-22.418,-47.585,5,0,3.2399999999999998,11.360000000000001,16.18,69.22,1,5,24,4,0,10.423452000000001,4.595614666666666,4.449360333333332,0.14625433333333415,17.829514999999997,18.68238033333333,-0.8528653333333338,52.768092333333335,52.32179366666667,0.44629866666666373,14.045708666666668,13.789849000000002,0.25585966666666593,10.761069333333333,10.756616999999999,0.0,DADO HISTÓRICO,0.0,0.0,0.0,0.0,0.0,0.0
2033186,2021,0 a 18 anos,19,67,179,53,12,7,337,4.808275333333333,18.310783666666666,52.869168,14.288043,9.72373,2.077151,2033186,-22.418,-47.585,5,0,3.2399999999999998,11.360000000000001,16.18,69.22,1,5,24,4,0,5.637982,4.808275333333333,4.595614666666666,0.2126606666666664,18.310783666666666,17.829514999999997,0.48126866666666857,52.869168,52.768092333333335,0.10107566666666656,14.288043,14.045708666666668,0.2423343333333321,9.72373,10.761069333333333,0.0,DADO HISTÓRICO,0.0,0.0,0.0,0.0,0.0,0.0
2033186,2022,0 a 18 anos,16,51,142,44,26,9,288,5.034110999999999,18.827382333333333,51.62142666666667,15.112343000000001,9.404737333333333,3.125,2033186,-22.418,-47.585,5,0,3.2399999999999998,11.360000000000001,16.18,69.22,1,5,24,4,0,12.152778,5.034110999999999,4.808275333333333,0.22583566666666677,18.827382333333333,18.310783666666666,0.5165986666666669,51.62142666666667,52.869168,-1.2477413333333303,15.112343000000001,14.288043,0.8243000000000009,9.404737333333333,9.72373,0.0,DADO HISTÓRICO,0.0,0.0,0.0,0.0,0.0,0.0
2033186,2023,0 a 18 anos,9,56,176,44,17,6,308,4.705205333333333,18.590485666666666,53.18804666666667,15.096831666666667,8.419431,1.948052,2033186,-22.418,-47.585,5,0,3.2399999999999998,11.360000000000001,16.18,69.22,1,5,24,4,0,7.4675329999999995,4.705205333333333,5.034110999999999,-0.32890566666666654,18.590485666666666,18.827382333333333,-0.23689666666666653,53.18804666666667,51.62142666666667,1.5666200000000003,15.096831666666667,15.112343000000001,-0.01551133333333432,8.419431,9.404737333333333,0.0,DADO HISTÓRICO,0.0,0.0,0.0,0.0,0.0,0.0
2033186,2024,0 a 18 anos,15,61,139,44,20,18,297,4.509379666666667,18.809624,51.08325333333334,14.792769,10.804974666666666,6.060606,2033186,-22.418,-47.585,5,0,3.2399999999999998,11.360000000000001,16.18,69.22,1,5,24,4,0,12.794613,4.509379666666667,4.705205333333333,-0.195825666666666,18.809624,18.590485666666666,0.21913833333333343,51.08325333333334,53.18804666666667,-2.1047933333333333,14.792769,15.096831666666667,-0.3040626666666668,10.804974666666666,8.419431,0.0,DADO HISTÓRICO,0.0,0.0,0.0,0.0,0.0,0.0
2033186,2025,0 a 18 anos,12,72,158,43,16,19,320,3.9075276666666663,20.406846333333334,51.10640133333334,14.179343000000001,10.399882,5.9375,2033186,-22.418,-47.585,5,0,3.2399999999999998,11.360000000000001,16.18,69.22,1,5,24,4,0,10.9375,3.9075276666666663,4.509379666666667,-0.6018520000000005,20.406846333333334,18.809624,1.5972223333333346,51.10640133333334,51.08325333333334,0.023147999999999058,14.179343000000001,14.792769,-0.6134259999999987,10.399882,10.804974666666666,0.0,DADO HISTÓRICO,0.0,0.0,0.0,0.0,0.0,0.0
2049163,2010,0 a 18 anos,10,33,103,28,16,12,202,4.950495,16.336634,50.990099,13.861386,13.861386,5.940594,2049163,-22.34,-47.565,0,0,3.1056818181818175,11.164772727272727,17.39090909090909,68.33863636363638,0,0,0,1,0,13.861386,4.950495,,,16.336634,,,50.990099,,,13.861386,,,13.861386,,0.0,DADO HISTÓRICO,0.0,0.0,0.0,0.0,0.0,0.0
2049163,2011,0 a 18 anos,13,48,105,37,13,7,223,5.390045499999999,18.930649000000003,49.0376505,15.226657,11.414997499999998,3.139013,2049163,-22.34,-47.565,0,0,3.1056818181818175,11.164772727272727,17.39090909090909,68.33863636363638,0,0,0,1,0,8.968608999999999,5.390045499999999,4.950495,0.4395504999999993,18.930649000000003,16.336634,2.5940150000000024,49.0376505,50.990099,-1.9524485000000027,15.226657,13.861386,1.365271,11.414997499999998,13.861386,0.0,DADO HISTÓRICO,0.0,0.0,0.0,0.0,0.0,0.0
2049163,2012,0 a 18 anos,6,43,118,38,11,9,225,4.482252666666667,18.990803,50.17324833333333,15.780734333333333,10.572961333333332,4.0,2049163,-22.34,-47.565,0,0,3.1056818181818175,11.164772727272727,17.39090909090909,68.33863636363638,0,0,0,1,0,8.888888999999999,4.482252666666667,5.390045499999999,-0.9077928333333327,18.990803,18.930649000000003,0.060153999999997154,50.17324833333333,49.0376505,1.1355978333333354,15.780734333333333,15.226657,0.5540773333333338,10.572961333333332,11.414997499999998,0.0,DADO HISTÓRICO,0.0,0.0,0.0,0.0,0.0,0.0
2049163,2013,0 a 18 anos,12,34,108,25,15,8,202,4.812285666666667,19.155819333333334,50.998331,15.285685,9.747879,3.960396,2049163,-22.34,-47.565,0,0,3.1056818181818175,11.164772727272727,17.39090909090909,68.33863636363638,0,0,0,1,0,11.386139,4.812285666666667,4.482252666666667,0.33003300000000024,19.155819333333334,18.990803,0.16501633333333388,50.998331,50.17324833333333,0.8250826666666669,15.285685,15.780734333333333,-0.49504933333333234,9.747879,10.572961333333332,0.0,DADO HISTÓRICO,0.0,0.0,0.0,0.0,0.0,0.0
2049163,2014,0 a 18 anos,9,39,100,35,14,10,207,4.318362333333334,18.26112466666667,51.406323333333326,15.391113333333331,10.623077,4.830918,2049163,-22.34,-47.565,0,0,3.1056818181818175,11.164772727272727,17.39090909090909,68.33863636363638,0,0,0,1,0,11.594203,4.318362333333334,4.812285666666667,-0.49392333333333305,18.26112466666667,19.155819333333334,-0.8946946666666626,51.406323333333326,50.998331,0.4079923333333255,15.391113333333331,15.285685,0.10542833333333057,10.623077,9.747879,0.0,DADO HISTÓRICO,0.0,0.0,0.0,0.0,0.0,0.0
2049163,2015,0 a 18 anos,10,34,109,44,18,9,224,4.917568666666667,16.950278,50.14508,16.309102666666664,11.677971,4.017857,2049163,-22.34,-47.565,0,0,3.1056818181818175,11.164772727272727,17.39090909090909,68.33863636363638,0,0,0,1,0,12.053571000000002,4.917568666666667,4.318362333333334,0.5992063333333331,16.950278,18.26112466666667,-1.31084666666667,50.14508,51.406323333333326,-1.2612433333333257,16.309102666666664,15.391113333333331,0.9179893333333329,11.677971,10.623077,0.0,DADO HISTÓRICO,0.0,0.0,0.0,0.0,0.0,0.0
2049163,2016,0 a 18 anos,13,35,110,37,9,8,212,4.981395666666667,16.842861666666668,49.618895,18.0013,10.555547333333333,3.773585,2049163,-22.34,-47.565,0,0,3.1056818181818175,11.164772727272727,17.39090909090909,68.33863636363638,0,0,0,1,0,8.018868,4.981395666666667,4.917568666666667,0.06382699999999986,16.842861666666668,16.950278,-0.10741633333333311,49.618895,50.14508,-0.5261849999999981,18.0013,16.309102666666664,1.6921973333333362,10.555547333333333,11.677971,0.0,DADO HISTÓRICO,0.0,0.0,0.0,0.0,0.0,0.0
2049163,2017,0 a 18 anos,8,28,84,27,16,9,172,5.082508000000001,15.989025,49.794905,17.597786999999997,11.535774333333336,5.232558,2049163,-22.34,-47.565,0,0,3.1056818181818175,11.164772727272727,17.39090909090909,68.33863636363638,0,0,0,1,0,14.534884000000002,5.082508000000001,4.981395666666667,0.10111233333333391,15.989025,16.842861666666668,-0.8538366666666679,49.794905,49.618895,0.176009999999998,17.597786999999997,18.0013,-0.4035130000000038,11.535774333333336,10.555547333333333,0.0,DADO HISTÓRICO,0.0,0.0,0.0,0.0,0.0,0.0
2049163,2018,0 a 18 anos,11,46,112,29,16,12,226,5.216831666666667,17.714162,50.093841,15.327454000000001,11.647711000000001,5.309735,2049163,-22.34,-47.565,0,0,3.1056818181818175,11.164772727272727,17.39090909090909,68.33863636363638,0,0,0,1,0,12.389381,5.216831666666667,5.082508000000001,0.13432366666666606,17.714162,15.989025,1.725137000000002,50.093841,49.794905,0.29893599999999765,15.327454000000001,17.597786999999997,-2.2703329999999955,11.647711000000001,11.535774333333336,0.0,DADO HISTÓRICO,0.0,0.0,0.0,0.0,0.0,0.0
2049163,2019,0 a 18 anos,15,38,114,38,15,10,230,5.346719666666668,17.71826366666667,49.31998266666667,15.017090333333334,12.597943333333333,4.347826,2049163,-22.34,-47.565,0,0,3.1056818181818175,11.164772727272727,17.39090909090909,68.33863636363638,0,0,0,1,0,10.869565000000001,5.346719666666668,5.216831666666667,0.1298880000000011,17.71826366666667,17.714162,0.004101666666667114,49.31998266666667,50.093841,-0.7738583333333295,15.017090333333334,15.327454000000001,-0.31036366666666737,12.597943333333333,11.647711000000001,0.0,DADO HISTÓRICO,0.0,0.0,0.0,0.0,0.0,0.0
2049163,2020,0 a 18 anos,7,38,86,31,9,10,181,5.085466333333334,19.290065333333335,48.87885033333333,15.493556333333332,11.252061333333335,5.524862,2049163,-22.34,-47.565,0,0,3.1056818181818175,11.164772727272727,17.39090909090909,68.33863636363638,0,0,0,1,0,10.497238,5.085466333333334,5.346719666666668,-0.2612533333333342,19.290065333333335,17.71826366666667,1.5718016666666657,48.87885033333333,49.31998266666667,-0.4411323333333357,15.493556333333332,15.017090333333334,0.4764659999999985,11.252061333333335,12.597943333333333,0.0,DADO HISTÓRICO,0.0,0.0,0.0,0.0,0.0,0.0
2049163,2021,0 a 18 anos,8,57,110,43,13,8,239,4.578807333333334,20.455195333333336,47.701378,17.213480999999998,10.051138,3.34728,2049163,-22.34,-47.565,0,0,3.1056818181818175,11.164772727272727,17.39090909090909,68.33863636363638,0,0,0,1,0,8.786611,4.578807333333334,5.085466333333334,-0.506659,20.455195333333336,19.290065333333335,1.1651300000000013,47.701378,48.87885033333333,-1.1774723333333341,17.213480999999998,15.493556333333332,1.7199246666666657,10.051138,11.252061333333335,0.0,DADO HISTÓRICO,0.0,0.0,0.0,0.0,0.0,0.0
2049163,2022,0 a 18 anos,11,42,95,27,9,8,192,4.314616666666667,22.23961566666667,47.67269466666667,16.393734666666663,9.379338666666667,4.166667,2049163,-22.34,-47.565,0,0,3.1056818181818175,11.164772727272727,17.39090909090909,68.33863636363638,0,0,0,1,0,8.854167,4.314616666666667,4.578807333333334,-0.2641906666666669,22.23961566666667,20.455195333333336,1.7844203333333333,47.67269466666667,47.701378,-0.02868333333332629,16.393734666666663,17.213480999999998,-0.8197463333333346,9.379338666666667,10.051138,0.0,DADO HISTÓRICO,0.0,0.0,0.0,0.0,0.0,0.0
2049163,2023,0 a 18 anos,13,44,105,30,10,8,210,5.088974333333334,22.22558433333333,48.50142400000001,15.446615333333334,8.737402333333334,3.809524,2049163,-22.34,-47.565,0,0,3.1056818181818175,11.164772727272727,17.39090909090909,68.33863636363638,0,0,0,1,0,8.571429,5.088974333333334,4.314616666666667,0.7743576666666669,22.22558433333333,22.23961566666667,-0.014031333333338836,48.50142400000001,47.67269466666667,0.8287293333333352,15.446615333333334,16.393734666666663,-0.9471193333333296,8.737402333333334,9.379338666666667,0.0,DADO HISTÓRICO,0.0,0.0,0.0,0.0,0.0,0.0
2049163,2024,0 a 18 anos,12,39,115,36,12,7,221,5.783169,20.158146666666667,50.505122,14.879268999999999,8.674293666666665,3.167421,2049163,-22.34,-47.565,0,0,3.1056818181818175,11.164772727272727,17.39090909090909,68.33863636363638,0,0,0,1,0,8.597285,5.783169,5.088974333333334,0.6941946666666663,20.158146666666667,22.22558433333333,-2.067437666666663,50.505122,48.50142400000001,2.003697999999993,14.879268999999999,15.446615333333334,-0.5673463333333348,8.674293666666665,8.737402333333334,0.0,DADO HISTÓRICO,0.0,0.0,0.0,0.0,0.0,0.0
2049163,2025,0 a 18 anos,6,45,100,28,12,7,198,4.883547666666666,20.442237666666667,50.84708333333334,14.905573666666667,8.921558,3.535354,2049163,-22.34,-47.565,0,0,3.1056818181818175,11.164772727272727,17.39090909090909,68.33863636363638,0,0,0,1,0,9.59596,4.883547666666666,5.783169,-0.899621333333334,20.442237666666667,20.158146666666667,0.2840910000000001,50.84708333333334,50.505122,0.34196133333333734,14.905573666666667,14.879268999999999,0.026304666666668197,8.921558,8.674293666666665,0.0,DADO HISTÓRICO,0.0,0.0,0.0,0.0,0.0,0.0
2055821,2010,0 a 18 anos,8,36,122,32,17,8,223,3.587444,16.143498,54.70852,14.349776,11.210762,3.587444,2055821,-22.43,-47.56,7,0,3.128571428571429,11.285714285714286,18.914285714285715,66.67142857142856,4,6,35,6,0,11.210762,3.587444,,,16.143498,,,54.70852,,,14.349776,,,11.210762,,0.0,DADO HISTÓRICO,0.0,0.0,0.0,0.0,0.0,0.0
2055821,2011,0 a 18 anos,13,58,111,52,15,6,255,4.3427415,19.444298,49.118966,17.3709665,9.723028,2.352941,2055821,-22.43,-47.56,7,0,3.128571428571429,11.285714285714286,18.914285714285715,66.67142857142856,4,6,35,6,0,8.235294,4.3427415,3.587444,0.7552974999999997,19.444298,16.143498,3.300799999999999,49.118966,54.70852,-5.589554,17.3709665,14.349776,3.0211905000000012,9.723028,11.210762,0.0,DADO HISTÓRICO,0.0,0.0,0.0,0.0,0.0,0.0
2055821,2012,0 a 18 anos,10,46,117,39,10,3,225,4.376642333333333,19.77768,50.079310666666665,17.358422,8.407944333333333,1.333333,2055821,-22.43,-47.56,7,0,3.128571428571429,11.285714285714286,18.914285714285715,66.67142857142856,4,6,35,6,0,5.777777,4.376642333333333,4.3427415,0.03390083333333305,19.77768,19.444298,0.3333820000000003,50.079310666666665,49.118966,0.9603446666666642,17.358422,17.3709665,-0.012544500000000625,8.407944333333333,9.723028,0.0,DADO HISTÓRICO,0.0,0.0,0.0,0.0,0.0,0.0
2055821,2013,0 a 18 anos,11,58,109,30,15,12,235,4.7411113333333335,22.623464333333335,47.30413033333334,16.830482333333332,8.500811,5.106383,2055821,-22.43,-47.56,7,0,3.128571428571429,11.285714285714286,18.914285714285715,66.67142857142856,4,6,35,6,0,11.489362,4.7411113333333335,4.376642333333333,0.3644690000000006,22.623464333333335,19.77768,2.8457843333333344,47.30413033333334,50.079310666666665,-2.7751803333333243,16.830482333333332,17.358422,-0.5279396666666685,8.500811,8.407944333333333,0.0,DADO HISTÓRICO,0.0,0.0,0.0,0.0,0.0,0.0
2055821,2014,0 a 18 anos,13,47,112,26,16,4,218,5.029532666666666,22.228309333333332,49.91970866666667,14.008631999999999,8.813817,1.834862,2055821,-22.43,-47.56,7,0,3.128571428571429,11.285714285714286,18.914285714285715,66.67142857142856,4,6,35,6,0,9.174312,5.029532666666666,4.7411113333333335,0.288421333333333,22.228309333333332,22.623464333333335,-0.3951550000000026,49.91970866666667,47.30413033333334,2.615578333333332,14.008631999999999,16.830482333333332,-2.821850333333334,8.813817,8.500811,0.0,DADO HISTÓRICO,0.0,0.0,0.0,0.0,0.0,0.0
2055821,2015,0 a 18 anos,14,35,100,30,15,9,203,5.846902,21.160621,49.00673666666666,13.156962666666665,10.828778333333332,4.433498,2055821,-22.43,-47.56,7,0,3.128571428571429,11.285714285714286,18.914285714285715,66.67142857142856,4,6,35,6,0,11.822661,5.846902,5.029532666666666,0.8173693333333336,21.160621,22.228309333333332,-1.067688333333333,49.00673666666666,49.91970866666667,-0.9129720000000106,13.156962666666665,14.008631999999999,-0.8516693333333336,10.828778333333332,8.813817,0.0,DADO HISTÓRICO,0.0,0.0,0.0,0.0,0.0,0.0
2055821,2016,0 a 18 anos,10,36,110,24,12,10,202,5.9367833333333335,18.874264666666665,51.69755899999999,12.862039666666666,10.629354000000001,4.950495,2055821,-22.43,-47.56,7,0,3.128571428571429,11.285714285714286,18.914285714285715,66.67142857142856,4,6,35,6,0,10.891089000000001,5.9367833333333335,5.846902,0.08988133333333348,18.874264666666665,21.160621,-2.286356333333334,51.69755899999999,49.00673666666666,2.6908223333333297,12.862039666666666,13.156962666666665,-0.29492299999999894,10.629354000000001,10.828778333333332,0.0,DADO HISTÓRICO,0.0,0.0,0.0,0.0,0.0,0.0
2055821,2017,0 a 18 anos,7,43,120,35,11,6,222,5.000066666666666,18.144176666666663,52.59019466666666,14.141759666666665,10.123802666666668,2.702703,2055821,-22.43,-47.56,7,0,3.128571428571429,11.285714285714286,18.914285714285715,66.67142857142856,4,6,35,6,0,7.657658,5.000066666666666,5.9367833333333335,-0.9367166666666673,18.144176666666663,18.874264666666665,-0.7300880000000021,52.59019466666666,51.69755899999999,0.8926356666666706,14.141759666666665,12.862039666666666,1.2797199999999993,10.123802666666668,10.629354000000001,0.0,DADO HISTÓRICO,0.0,0.0,0.0,0.0,0.0,0.0
2055821,2018,0 a 18 anos,8,34,104,30,15,8,199,4.041249666666666,18.092192666666666,53.590269000000006,14.240777,10.035511999999999,4.020101,2055821,-22.43,-47.56,7,0,3.128571428571429,11.285714285714286,18.914285714285715,66.67142857142856,4,6,35,6,0,11.557789,4.041249666666666,5.000066666666666,-0.9588169999999998,18.092192666666666,18.144176666666663,-0.051983999999997366,53.590269000000006,52.59019466666666,1.0000743333333446,14.240777,14.141759666666665,0.09901733333333418,10.035511999999999,10.123802666666668,0.0,DADO HISTÓRICO,0.0,0.0,0.0,0.0,0.0,0.0
2055821,2019,0 a 18 anos,5,42,98,33,12,6,196,3.2414246666666666,19.294455666666668,52.10512033333333,15.892625999999998,9.466373333333332,3.061224,2055821,-22.43,-47.56,7,0,3.128571428571429,11.285714285714286,18.914285714285715,66.67142857142856,4,6,35,6,0,9.183672999999999,3.2414246666666666,4.041249666666666,-0.7998249999999998,19.294455666666668,18.092192666666666,1.202263000000002,52.10512033333333,53.590269000000006,-1.4851486666666744,15.892625999999998,14.240777,1.6518489999999986,9.466373333333332,10.035511999999999,0.0,DADO HISTÓRICO,0.0,0.0,0.0,0.0,0.0,0.0
2055821,2020,0 a 18 anos,9,43,91,31,15,9,198,3.7055253333333336,20.077056666666667,49.40696766666667,15.856226,10.954225000000001,4.545455,2055821,-22.43,-47.56,7,0,3.128571428571429,11.285714285714286,18.914285714285715,66.67142857142856,4,6,35,6,0,12.121213000000001,3.7055253333333336,3.2414246666666666,0.46410066666666694,20.077056666666667,19.294455666666668,0.7826009999999997,49.40696766666667,52.10512033333333,-2.6981526666666653,15.856226,15.892625999999998,-0.036399999999998656,10.954225000000001,9.466373333333332,0.0,DADO HISTÓRICO,0.0,0.0,0.0,0.0,0.0,0.0
2055821,2021,0 a 18 anos,11,35,105,30,8,9,198,4.217343666666667,20.274170333333334,49.66329966666667,15.881605333333333,9.963581666666668,4.545455,2055821,-22.43,-47.56,7,0,3.128571428571429,11.285714285714286,18.914285714285715,66.67142857142856,4,6,35,6,0,8.585859,4.217343666666667,3.7055253333333336,0.5118183333333337,20.274170333333334,20.077056666666667,0.19711366666666663,49.66329966666667,49.40696766666667,0.25633200000000045,15.881605333333333,15.856226,0.02537933333333342,9.963581666666668,10.954225000000001,0.0,DADO HISTÓRICO,0.0,0.0,0.0,0.0,0.0,0.0
2055821,2022,0 a 18 anos,13,42,87,34,10,5,191,5.635764666666667,20.461156333333335,48.179879,16.203042666666665,9.520158333333335,2.617801,2055821,-22.43,-47.56,7,0,3.128571428571429,11.285714285714286,18.914285714285715,66.67142857142856,4,6,35,6,0,7.853403,5.635764666666667,4.217343666666667,1.4184209999999995,20.461156333333335,20.274170333333334,0.18698600000000098,48.179879,49.66329966666667,-1.4834206666666674,16.203042666666665,15.881605333333333,0.321437333333332,9.520158333333335,9.963581666666668,0.0,DADO HISTÓRICO,0.0,0.0,0.0,0.0,0.0,0.0
2055821,2023,0 a 18 anos,12,39,112,34,10,11,218,5.955475333333333,19.185401666666664,49.985396,16.182964000000002,8.690763333333331,5.045872,2055821,-22.43,-47.56,7,0,3.128571428571429,11.285714285714286,18.914285714285715,66.67142857142856,4,6,35,6,0,9.633028,5.955475333333333,5.635764666666667,0.3197106666666665,19.185401666666664,20.461156333333335,-1.2757546666666713,49.985396,48.179879,1.8055170000000018,16.182964000000002,16.203042666666665,-0.020078666666663025,8.690763333333331,9.520158333333335,0.0,DADO HISTÓRICO,0.0,0.0,0.0,0.0,0.0,0.0
2055821,2024,0 a 18 anos,7,48,118,39,12,18,242,5.0678106666666665,19.904715999999997,48.562072,16.504359666666666,9.961041999999999,7.438017,2055821,-22.43,-47.56,7,0,3.128571428571429,11.285714285714286,18.914285714285715,66.67142857142856,4,6,35,6,0,12.396695000000001,5.0678106666666665,5.955475333333333,-0.8876646666666668,19.904715999999997,19.185401666666664,0.7193143333333332,48.562072,49.985396,-1.423324000000001,16.504359666666666,16.182964000000002,0.32139566666666397,9.961041999999999,8.690763333333331,0.0,DADO HISTÓRICO,0.0,0.0,0.0,0.0,0.0,0.0
2055821,2025,0 a 18 anos,5,47,133,31,10,9,235,3.5082696666666666,19.241539666666664,52.24407433333334,14.967840333333333,10.038276333333334,3.829787,2055821,-22.43,-47.56,7,0,3.128571428571429,11.285714285714286,18.914285714285715,66.67142857142856,4,6,35,6,0,8.085106,3.5082696666666666,5.0678106666666665,-1.5595409999999998,19.241539666666664,19.904715999999997,-0.6631763333333325,52.24407433333334,48.562072,3.6820023333333367,14.967840333333333,16.504359666666666,-1.5365193333333327,10.038276333333334,9.961041999999999,0.0,DADO HISTÓRICO,0.0,0.0,0.0,0.0,0.0,0.0
2055902,2010,0 a 18 anos,20,99,223,80,34,20,476,4.201681,20.798319,46.848739,16.806723,11.344538,4.201681,2055902,-22.402,-47.58,11,0,3.1454545454545455,9.518181818181818,17.48181818181818,69.85454545454546,2,8,55,6,0,11.344538,4.201681,,,20.798319,,,46.848739,,,16.806723,,,11.344538,,0.0,DADO HISTÓRICO,0.0,0.0,0.0,0.0,0.0,0.0
2055902,2011,0 a 18 anos,28,99,307,83,37,19,573,4.544121499999999,19.037903,50.2132,15.6459445,10.558831,3.315881,2055902,-22.402,-47.58,11,0,3.1454545454545455,9.518181818181818,17.48181818181818,69.85454545454546,2,8,55,6,0,9.773124,4.544121499999999,4.201681,0.3424404999999995,19.037903,20.798319,-1.7604159999999993,50.2132,46.848739,3.3644609999999986,15.6459445,16.806723,-1.160778500000001,10.558831,11.344538,0.0,DADO HISTÓRICO,0.0,0.0,0.0,0.0,0.0,0.0
2055902,2012,0 a 18 anos,24,112,280,88,42,23,569,4.435389666666667,19.253154,49.878513,15.585872666666667,10.847070666666667,4.042179,2055902,-22.402,-47.58,11,0,3.1454545454545455,9.518181818181818,17.48181818181818,69.85454545454546,2,8,55,6,0,11.423549999999999,4.435389666666667,4.544121499999999,-0.1087318333333327,19.253154,19.037903,0.21525099999999853,49.878513,50.2132,-0.3346870000000024,15.585872666666667,15.6459445,-0.06007183333333366,10.847070666666667,10.558831,0.0,DADO HISTÓRICO,0.0,0.0,0.0,0.0,0.0,0.0
2055902,2013,0 a 18 anos,28,108,309,88,29,18,580,4.644024666666667,18.527277666666667,52.02088733333333,15.041103,9.766707333333333,3.103448,2055902,-22.402,-47.58,11,0,3.1454545454545455,9.518181818181818,17.48181818181818,69.85454545454546,2,8,55,6,0,8.103448,4.644024666666667,4.435389666666667,0.20863500000000013,18.527277666666667,19.253154,-0.725876333333332,52.02088733333333,49.878513,2.142374333333329,15.041103,15.585872666666667,-0.5447696666666673,9.766707333333333,10.847070666666667,0.0,DADO HISTÓRICO,0.0,0.0,0.0,0.0,0.0,0.0
2055902,2014,0 a 18 anos,26,118,259,84,41,18,546,4.602472333333334,19.972022666666664,49.97363266666667,15.340919333333332,10.110953,3.296703,2055902,-22.402,-47.58,11,0,3.1454545454545455,9.518181818181818,17.48181818181818,69.85454545454546,2,8,55,6,0,10.805861,4.602472333333334,4.644024666666667,-0.04155233333333275,19.972022666666664,18.527277666666667,1.4447449999999975,49.97363266666667,52.02088733333333,-2.0472546666666602,15.340919333333332,15.041103,0.29981633333333235,10.110953,9.766707333333333,0.0,DADO HISTÓRICO,0.0,0.0,0.0,0.0,0.0,0.0
2055902,2015,0 a 18 anos,26,101,280,79,42,21,549,4.775124666666667,19.543166,50.57119333333333,14.982276333333333,10.128239666666667,3.825137,2055902,-22.402,-47.58,11,0,3.1454545454545455,9.518181818181818,17.48181818181818,69.85454545454546,2,8,55,6,0,11.47541,4.775124666666667,4.602472333333334,0.17265233333333274,19.543166,19.972022666666664,-0.42885666666666467,50.57119333333333,49.97363266666667,0.5975606666666664,14.982276333333333,15.340919333333332,-0.35864299999999893,10.128239666666667,10.110953,0.0,DADO HISTÓRICO,0.0,0.0,0.0,0.0,0.0,0.0
2055902,2016,0 a 18 anos,29,104,291,79,34,22,559,4.895207666666667,19.537819666666667,50.16498766666666,14.635598,10.766386666666667,3.935599,2055902,-22.402,-47.58,11,0,3.1454545454545455,9.518181818181818,17.48181818181818,69.85454545454546,2,8,55,6,0,10.017889,4.895207666666667,4.775124666666667,0.12008300000000016,19.537819666666667,19.543166,-0.0053463333333318985,50.16498766666666,50.57119333333333,-0.406205666666672,14.635598,14.982276333333333,-0.3466783333333332,10.766386666666667,10.128239666666667,0.0,DADO HISTÓRICO,0.0,0.0,0.0,0.0,0.0,0.0
2055902,2017,0 a 18 anos,24,110,250,77,25,17,503,4.898363333333333,19.623508,50.920285,14.61011,9.947733333333334,3.379722,2055902,-22.402,-47.58,11,0,3.1454545454545455,9.518181818181818,17.48181818181818,69.85454545454546,2,8,55,6,0,8.349901,4.898363333333333,4.895207666666667,0.0031556666666663347,19.623508,19.537819666666667,0.08568833333333359,50.920285,50.16498766666666,0.7552973333333384,14.61011,14.635598,-0.02548799999999929,9.947733333333334,10.766386666666667,0.0,DADO HISTÓRICO,0.0,0.0,0.0,0.0,0.0,0.0
2055902,2018,0 a 18 anos,20,103,261,61,27,19,491,4.677509,20.483678333333334,51.638619,13.954718333333332,9.245475333333333,3.869654,2055902,-22.402,-47.58,11,0,3.1454545454545455,9.518181818181818,17.48181818181818,69.85454545454546,2,8,55,6,0,9.368636,4.677509,4.898363333333333,-0.22085433333333349,20.483678333333334,19.623508,0.8601703333333326,51.638619,50.920285,0.7183339999999987,13.954718333333332,14.61011,-0.6553916666666684,9.245475333333333,9.947733333333334,0.0,DADO HISTÓRICO,0.0,0.0,0.0,0.0,0.0,0.0
2055902,2019,0 a 18 anos,21,111,296,73,37,36,574,4.167743,20.728121,51.475518666666666,13.483182,10.145435666666666,6.271777,2055902,-22.402,-47.58,11,0,3.1454545454545455,9.518181818181818,17.48181818181818,69.85454545454546,2,8,55,6,0,12.71777,4.167743,4.677509,-0.5097659999999999,20.728121,20.483678333333334,0.24444266666666792,51.475518666666666,51.638619,-0.16310033333333251,13.483182,13.954718333333332,-0.4715363333333329,10.145435666666666,9.245475333333333,0.0,DADO HISTÓRICO,0.0,0.0,0.0,0.0,0.0,0.0
2055902,2020,0 a 18 anos,25,94,238,70,38,20,485,4.295498666666667,19.899006333333336,51.265644,13.191461666666667,11.348389666666668,4.123711,2055902,-22.402,-47.58,11,0,3.1454545454545455,9.518181818181818,17.48181818181818,69.85454545454546,2,8,55,6,0,11.958763000000001,4.295498666666667,4.167743,0.12775566666666727,19.899006333333336,20.728121,-0.8291146666666656,51.265644,51.475518666666666,-0.2098746666666642,13.191461666666667,13.483182,-0.29172033333333225,11.348389666666668,10.145435666666666,0.0,DADO HISTÓRICO,0.0,0.0,0.0,0.0,0.0,0.0
2055902,2021,0 a 18 anos,36,123,267,93,39,18,576,5.021058666666668,20.024529666666666,48.99809200000001,14.432197666666667,11.524122,3.125,2055902,-22.402,-47.58,11,0,3.1454545454545455,9.518181818181818,17.48181818181818,69.85454545454546,2,8,55,6,0,9.895833,5.021058666666668,4.295498666666667,0.7255600000000006,20.024529666666666,19.899006333333336,0.1255233333333301,48.99809200000001,51.265644,-2.267551999999995,14.432197666666667,13.191461666666667,1.240736,11.524122,11.348389666666668,0.0,DADO HISTÓRICO,0.0,0.0,0.0,0.0,0.0,0.0
2055902,2022,0 a 18 anos,33,98,273,78,28,29,539,5.842362666666666,19.639142666666668,48.69189433333333,15.016688666666667,10.809911666666666,5.380334,2055902,-22.402,-47.58,11,0,3.1454545454545455,9.518181818181818,17.48181818181818,69.85454545454546,2,8,55,6,0,10.575139,5.842362666666666,5.021058666666668,0.8213039999999987,19.639142666666668,20.024529666666666,-0.3853869999999979,48.69189433333333,48.99809200000001,-0.3061976666666766,15.016688666666667,14.432197666666667,0.5844909999999999,10.809911666666666,11.524122,0.0,DADO HISTÓRICO,0.0,0.0,0.0,0.0,0.0,0.0
2055902,2023,0 a 18 anos,26,116,267,71,35,28,543,5.720221,20.299594666666668,48.72492966666667,14.564194,10.691060666666667,5.156538,2055902,-22.402,-47.58,11,0,3.1454545454545455,9.518181818181818,17.48181818181818,69.85454545454546,2,8,55,6,0,11.60221,5.720221,5.842362666666666,-0.12214166666666681,20.299594666666668,19.639142666666668,0.6604519999999994,48.72492966666667,48.69189433333333,0.033035333333337746,14.564194,15.016688666666667,-0.4524946666666665,10.691060666666667,10.809911666666666,0.0,DADO HISTÓRICO,0.0,0.0,0.0,0.0,0.0,0.0
2055902,2024,0 a 18 anos,28,113,295,64,39,22,561,5.300583333333333,19.895739666666667,50.801764,12.984983,11.01693,3.921569,2055902,-22.402,-47.58,11,0,3.1454545454545455,9.518181818181818,17.48181818181818,69.85454545454546,2,8,55,6,0,10.873441,5.300583333333333,5.720221,-0.4196376666666666,19.895739666666667,20.299594666666668,-0.4038550000000001,50.801764,48.72492966666667,2.0768343333333306,12.984983,14.564194,-1.5792110000000008,11.01693,10.691060666666667,0.0,DADO HISTÓRICO,0.0,0.0,0.0,0.0,0.0,0.0
2055902,2025,0 a 18 anos,32,121,273,89,42,21,578,5.105211000000001,20.813219,49.662591666666664,13.293876666666668,11.125101666666666,3.633218,2055902,-22.402,-47.58,11,0,3.1454545454545455,9.518181818181818,17.48181818181818,69.85454545454546,2,8,55,6,0,10.899654,5.105211000000001,5.300583333333333,-0.19537233333333237,20.813219,19.895739666666667,0.9174793333333326,49.662591666666664,50.801764,-1.1391723333333346,13.293876666666668,12.984983,0.30889366666666795,11.125101666666666,11.01693,0.0,DADO HISTÓRICO,0.0,0.0,0.0,0.0,0.0,0.0
2030462,2026,0 a 18 anos,40,108,352,113,36,33,682,4.98,18.64,50.26,16.39,9.73,0.0,2030462,-22.408,-47.575,22,2,2.966666666666667,11.070833333333333,17.116666666666664,68.84583333333335,7,8,62,8,0,10.117301999999999,4.98,5.063108666666667,0.03503433333333472,18.64,18.232008333333333,-1.6014076666666668,50.26,51.448641333333335,1.5776343333333358,16.39,15.463718666666667,-0.4503616666666659,9.73,9.792523666666666,0.06054007145884441,PREVISÃO FUTURA,0.06054007145884441,-0.022877597347251186,0.647694429857143,1.1296228977802643,-0.5552501739240644,0.06054007145884441
2031922,2026,0 a 18 anos,46,151,385,122,51,38,793,5.78,19.96,49.79,14.49,9.98,0.0,2031922,-22.425,-47.555,9,0,3.466666666666667,11.711111111111112,18.533333333333335,66.28888888888889,4,6,30,6,0,11.223203,5.78,6.056952333333332,0.34857133333333223,19.96,19.607512333333332,-0.47316033333333607,49.79,49.39161099999999,-1.5881033333333434,14.49,14.616748333333334,0.9014999999999986,9.98,10.327176,-0.3664752644397412,PREVISÃO FUTURA,-0.3664752644397412,-0.28172918982193756,0.3185541374409978,-0.15094210795865817,0.3195568497484041,-0.3664752644397412
2033186,2026,0 a 18 anos,12,72,158,43,16,19,320,4.49,20.12,51.28,14.29,9.82,0.0,2033186,-22.418,-47.585,5,0,3.2399999999999998,11.360000000000001,16.18,69.22,1,5,24,4,0,10.9375,4.49,3.9075276666666663,-0.6018520000000005,20.12,20.406846333333334,1.5972223333333346,51.28,51.10640133333334,0.023147999999999058,14.29,14.179343000000001,-0.6134259999999987,9.82,10.399882,-0.4716717982490988,PREVISÃO FUTURA,-0.4716717982490988,0.6287580804365094,-0.07455070127365404,0.26523500180222687,0.714903329095138,-0.4716717982490988
2049163,2026,0 a 18 anos,6,45,100,28,12,7,198,4.79,21.01,50.06,15.23,8.91,0.0,2049163,-22.34,-47.565,0,0,3.1056818181818175,11.164772727272727,17.39090909090909,68.33863636363638,0,0,0,1,0,9.59596,4.79,4.883547666666666,-0.899621333333334,21.01,20.442237666666667,0.2840910000000001,50.06,50.84708333333334,0.34196133333333734,15.23,14.905573666666667,0.026304666666668197,8.91,8.921558,0.08536928555555513,PREVISÃO FUTURA,0.08536928555555513,-0.03987051304424417,0.7924614243403886,0.4903023935195472,-0.24955835947358074,0.08536928555555513
2055821,2026,0 a 18 anos,5,47,133,31,10,9,235,4.39,19.6,51.0,15.5,9.5,0.0,2055821,-22.43,-47.56,7,0,3.128571428571429,11.285714285714286,18.914285714285715,66.67142857142856,4,6,35,6,0,8.085106,4.39,3.5082696666666666,-1.5595409999999998,19.6,19.241539666666664,-0.6631763333333325,51.0,52.24407433333334,3.6820023333333367,15.5,14.967840333333333,-1.5365193333333327,9.5,10.038276333333334,-0.533659881782122,PREVISÃO FUTURA,-0.533659881782122,0.8824759677777786,0.360267488563646,0.5380903210135353,-1.2346289071381642,-0.533659881782122
2055902,2026,0 a 18 anos,32,121,273,89,42,21,578,5.24,20.05,50.13,13.9,10.68,0.0,2055902,-22.402,-47.58,11,0,3.1454545454545455,9.518181818181818,17.48181818181818,69.85454545454546,2,8,55,6,0,10.899654,5.24,5.105211000000001,-0.19537233333333237,20.05,20.813219,0.9174793333333326,50.13,49.662591666666664,-1.1391723333333346,13.9,13.293876666666668,0.30889366666666795,10.68,11.125101666666666,-0.5200623192488147,PREVISÃO FUTURA,-0.5200623192488147,0.09511772215663024,-0.9016078461821,0.5078867990824512,0.12323082707102301,-0.5200623192488147
2030462,2027,0 a 18 anos,40,108,352,113,36,33,682,5.04,18.79,50.59,15.75,9.83,0.0,2030462,-22.408,-47.575,22,2,2.966666666666667,11.070833333333333,17.116666666666664,68.84583333333335,7,8,62,8,0,10.117301999999999,5.04,4.98,0.03503433333333472,18.79,18.64,-1.6014076666666668,50.59,50.26,1.5776343333333358,15.75,16.39,-0.4503616666666659,9.83,9.73,0.01578930610628038,PREVISÃO FUTURA,0.01578930610628038,0.014057083139741714,-0.01543396140923693,-0.7767227698005683,-0.12081118592548784,0.01578930610628038
2031922,2027,0 a 18 anos,46,151,385,122,51,38,793,5.6,20.12,50.24,14.42,9.62,0.0,2031922,-22.425,-47.555,9,0,3.466666666666667,11.711111111111112,18.533333333333335,66.28888888888889,4,6,30,6,0,11.223203,5.6,5.78,0.34857133333333223,20.12,19.96,-0.47316033333333607,50.24,49.79,-1.5881033333333434,14.42,14.49,0.9014999999999986,9.62,9.98,-0.3770411463348275,PREVISÃO FUTURA,-0.3770411463348275,-0.1909217584099005,0.11938852989575308,-0.09968387871903969,0.3422227271930527,-0.3770411463348275
2033186,2027,0 a 18 anos,12,72,158,43,16,19,320,4.72,19.89,51.61,14.51,9.26,0.0,2033186,-22.418,-47.585,5,0,3.2399999999999998,11.360000000000001,16.18,69.22,1,5,24,4,0,10.9375,4.72,4.49,-0.6018520000000005,19.89,20.12,1.5972223333333346,51.61,51.28,0.023147999999999058,14.51,14.29,-0.6134259999999987,9.26,9.82,-0.4794717945475216,PREVISÃO FUTURA,-0.4794717945475216,0.27226629924515416,-0.06722178462550563,0.3398676550092976,0.7598706356304921,-0.4794717945475216
2049163,2027,0 a 18 anos,6,45,100,28,12,7,198,4.8,20.42,49.89,15.83,9.06,0.0,2049163,-22.34,-47.565,0,0,3.1056818181818175,11.164772727272727,17.39090909090909,68.33863636363638,0,0,0,1,0,9.59596,4.8,4.79,-0.899621333333334,20.42,21.01,0.2840910000000001,49.89,50.06,0.34196133333333734,15.83,15.23,0.026304666666668197,9.06,8.91,0.08536928555555513,PREVISÃO FUTURA,0.08536928555555513,-0.02495377261052095,-0.7199168890987695,0.5002532219665173,-0.5008765582495298,0.08536928555555513
2055821,2027,0 a 18 anos,5,47,133,31,10,9,235,4.98,19.97,50.02,16.2,8.84,0.0,2055821,-22.43,-47.56,7,0,3.128571428571429,11.285714285714286,18.914285714285715,66.67142857142856,4,6,35,6,0,8.085106,4.98,4.39,-1.5595409999999998,19.97,19.6,-0.6631763333333325,50.02,51.0,3.6820023333333367,16.2,15.5,-1.5365193333333327,8.84,9.5,-0.6536393761249552,PREVISÃO FUTURA,-0.6536393761249552,0.5858330796961316,0.36870572725997225,0.7017707625674092,-0.9759387646663553,-0.6536393761249552
2055902,2027,0 a 18 anos,32,121,273,89,42,21,578,5.3,20.1,50.3,13.85,10.46,0.0,2055902,-22.402,-47.58,11,0,3.1454545454545455,9.518181818181818,17.48181818181818,69.85454545454546,2,8,55,6,0,10.899654,5.3,5.24,-0.19537233333333237,20.1,20.05,0.9174793333333326,50.3,50.13,-1.1391723333333346,13.85,13.9,0.30889366666666795,10.46,10.68,-0.2506900512901772,PREVISÃO FUTURA,-0.2506900512901772,0.039020508045519486,-0.018521647637949102,-0.09629291373126084,0.007072330497115047,-0.2506900512901772
