UF,IBGE,Municipio,CNES,EAS,Peso_Muito_Baixo_Quantidade,Peso_Muito_Baixo_Porcentagem,Peso_Baixo_Quantidade,Peso_Baixo_Porcentagem,Peso_Adequado_Quantidade,Peso_Adequado_Porcentagem,Peso_Elevado_Quantidade,Peso_Elevado_Porcentagem,Total,Local,Ano,Faixa_Etaria,Magreza_Acentuada_Qtd,Magreza_Acentuada_Pct,Magreza_Qtd,Magreza_Pct,Eutrofia_Qtd,Eutrofia_Pct,Sobrepeso_Qtd,Sobrepeso_Pct,Obesidade_Qtd,Obesidade_Pct,Obesidade_Grave_Qtd,Obesidade_Grave_Pct,cnes,lat_ubs,lon_ubs,qtd_esc_publicas,qtd_esc_privadas,qtd_fastfood,qtd_supermercados,qtd_pracas_esporte,acesso_transporte,Faixa_Etaria_Cod,Tendencia_Desnutricao,Desnutricao_Ano_Anterior,Delta_Desnutricao,Status,Delta_Predito
SP,354390,RIO CLARO,2030462,UBS DR MARIO FITTIPALDI,,,,,,,,,5.0,SP,2010,0 a 18 anos,,,0.0,0.0,5.0,100.0,0.0,0.0,0.0,0.0,0.0,0.0,2030462,-22.408,-47.575,5,0,7,8,62,38,0,0.0,0.0,0.0,DADO HISTÓRICO,
SP,354390,RIO CLARO,2030462,UBS DR MARIO FITTIPALDI,,,,,,,,,42.0,SP,2011,0 a 18 anos,,,0.0,0.0,33.0,78.57142857142857,0.0,0.0,9.0,21.428571428571427,0.0,0.0,2030462,-22.408,-47.575,5,0,7,8,62,38,0,0.0,0.0,0.0,DADO HISTÓRICO,
SP,354390,RIO CLARO,2030462,UBS DR MARIO FITTIPALDI,,,,,,,,,95.0,SP,2012,0 a 18 anos,,,5.0,5.263157894736842,79.0,83.15789473684211,0.0,0.0,11.0,11.578947368421051,0.0,0.0,2030462,-22.408,-47.575,5,0,7,8,62,38,0,1.7543859649122806,0.0,1.7543859649122806,DADO HISTÓRICO,
SP,354390,RIO CLARO,2030462,UBS DR MARIO FITTIPALDI,,,,,,,,,62.0,SP,2013,0 a 18 anos,,,1.0,1.6129032258064515,57.0,91.93548387096774,0.0,0.0,4.0,6.451612903225806,0.0,0.0,2030462,-22.408,-47.575,5,0,7,8,62,38,0,2.292020373514431,1.7543859649122806,0.5376344086021503,DADO HISTÓRICO,
SP,354390,RIO CLARO,2030462,UBS DR MARIO FITTIPALDI,,,,,,,,,85.0,SP,2014,0 a 18 anos,,,3.0,3.5294117647058822,77.0,90.58823529411764,0.0,0.0,5.0,5.88235294117647,0.0,0.0,2030462,-22.408,-47.575,5,0,7,8,62,38,0,3.468490961749725,2.292020373514431,1.176470588235294,DADO HISTÓRICO,
SP,354390,RIO CLARO,2030462,UBS DR MARIO FITTIPALDI,,,,,,,,,4.0,SP,2015,0 a 18 anos,,,1.0,25.0,3.0,75.0,0.0,0.0,0.0,0.0,0.0,0.0,2030462,-22.408,-47.575,5,0,7,8,62,38,0,10.047438330170777,3.468490961749725,6.578947368421053,DADO HISTÓRICO,
SP,354390,RIO CLARO,2030462,UBS DR MARIO FITTIPALDI,,,,,,,,,8.0,SP,2016,0 a 18 anos,,,0.0,0.0,7.0,87.5,0.0,0.0,1.0,12.5,0.0,0.0,2030462,-22.408,-47.575,5,0,7,8,62,38,0,9.509803921568627,10.047438330170777,-0.5376344086021501,DADO HISTÓRICO,
SP,354390,RIO CLARO,2030462,UBS DR MARIO FITTIPALDI,,,,,,,,,70.0,SP,2017,0 a 18 anos,,,5.0,7.142857142857142,53.0,75.71428571428571,5.0,7.142857142857142,7.0,10.0,0.0,0.0,2030462,-22.408,-47.575,5,0,7,8,62,38,0,10.714285714285714,9.509803921568627,1.204481792717086,DADO HISTÓRICO,
SP,354390,RIO CLARO,2030462,UBS DR MARIO FITTIPALDI,,,,,,,,,20.0,SP,2018,0 a 18 anos,,,0.0,0.0,16.0,80.0,2.0,10.0,2.0,10.0,0.0,0.0,2030462,-22.408,-47.575,5,0,7,8,62,38,0,2.380952380952381,10.714285714285714,-8.333333333333332,DADO HISTÓRICO,
SP,354390,RIO CLARO,2030462,UBS DR MARIO FITTIPALDI,,,,,,,,,27.0,SP,2019,0 a 18 anos,,,1.0,3.7037037037037033,16.0,59.25925925925925,4.0,14.814814814814811,6.0,22.22222222222222,0.0,0.0,2030462,-22.408,-47.575,5,0,7,8,62,38,0,3.615520282186948,2.380952380952381,1.2345679012345672,DADO HISTÓRICO,
SP,354390,RIO CLARO,2030462,UBS DR MARIO FITTIPALDI,,,,,,,,,88.0,SP,2020,0 a 18 anos,,,4.0,4.545454545454546,56.0,63.63636363636363,12.0,13.636363636363637,16.0,18.181818181818183,5.0,5.681818181818182,2030462,-22.408,-47.575,5,0,7,8,62,38,0,2.749719416386083,3.615520282186948,-0.8658008658008649,DADO HISTÓRICO,
SP,354390,RIO CLARO,2030462,UBS DR MARIO FITTIPALDI,,,,,,,,,473.0,SP,2021,0 a 18 anos,,,8.0,1.6913319238900637,343.0,72.51585623678648,31.0,6.553911205073996,91.0,19.23890063424947,10.0,2.1141649048625792,2030462,-22.408,-47.575,5,0,7,8,62,38,0,3.3134967243494375,2.749719416386083,0.5637773079633543,DADO HISTÓRICO,
SP,354390,RIO CLARO,2030462,UBS DR MARIO FITTIPALDI,,,,,,,,,1059.0,SP,2022,0 a 18 anos,,,29.0,2.7384324834749765,836.0,78.9423984891407,50.0,4.721435316336167,144.0,13.59773371104816,24.0,2.26628895184136,2030462,-22.408,-47.575,5,0,7,8,62,38,0,2.9917396509398615,3.3134967243494375,-0.32175707340957604,DADO HISTÓRICO,
SP,354390,RIO CLARO,2030462,UBS DR MARIO FITTIPALDI,,,,,,,,,691.0,SP,2023,0 a 18 anos,,,21.0,3.039073806078148,534.0,77.27930535455862,53.0,7.670043415340087,83.0,12.011577424023155,8.0,1.1577424023154848,2030462,-22.408,-47.575,5,0,7,8,62,38,0,2.489612737814396,2.9917396509398615,-0.5021269131254655,DADO HISTÓRICO,
SP,354390,RIO CLARO,2030462,UBS DR MARIO FITTIPALDI,,,,,,,,,1286.0,SP,2024,0 a 18 anos,,,21.0,1.6329704510108864,1049.0,81.57076205287714,61.0,4.743390357698289,155.0,12.052877138413685,9.0,0.6998444790046656,2030462,-22.408,-47.575,5,0,7,8,62,38,0,2.470158913521337,2.489612737814396,-0.019453824293059085,DADO HISTÓRICO,
SP,354390,RIO CLARO,2030462,UBS DR MARIO FITTIPALDI,,,,,,,,,660.0,SP,2025,0 a 18 anos,,,9.0,1.3636363636363635,519.0,78.63636363636364,29.0,4.393939393939394,103.0,15.606060606060607,7.0,1.0606060606060608,2030462,-22.408,-47.575,5,0,7,8,62,38,0,2.011893540241799,2.470158913521337,-0.45826537327953787,DADO HISTÓRICO,
SP,354390,RIO CLARO,2031922,UBS ORESTES ARMANDO GIOVANNI,,,,,,,,,45.0,SP,2010,0 a 18 anos,,,2.0,4.444444444444445,39.0,86.66666666666667,0.0,0.0,4.0,8.88888888888889,0.0,0.0,2031922,-22.425,-47.555,4,0,4,6,30,44,0,4.145299145299146,3.8461538461538463,0.2991452991452994,DADO HISTÓRICO,
SP,354390,RIO CLARO,2031922,UBS ORESTES ARMANDO GIOVANNI,,,,,,,,,59.0,SP,2011,0 a 18 anos,,,3.0,5.084745762711865,48.0,81.35593220338984,0.0,0.0,8.0,13.559322033898304,0.0,0.0,2031922,-22.425,-47.555,4,0,4,6,30,44,0,4.458448017770052,4.145299145299146,0.31314887247090617,DADO HISTÓRICO,
SP,354390,RIO CLARO,2031922,UBS ORESTES ARMANDO GIOVANNI,,,,,,,,,51.0,SP,2012,0 a 18 anos,,,2.0,3.92156862745098,42.0,82.35294117647058,0.0,0.0,7.0,13.725490196078432,0.0,0.0,2031922,-22.425,-47.555,4,0,4,6,30,44,0,4.48358627820243,4.458448017770052,0.02513826043237799,DADO HISTÓRICO,
SP,354390,RIO CLARO,2031922,UBS ORESTES ARMANDO GIOVANNI,,,,,,,,,71.0,SP,2013,0 a 18 anos,,,2.0,2.8169014084507045,57.0,80.28169014084507,0.0,0.0,12.0,16.901408450704224,0.0,0.0,2031922,-22.425,-47.555,4,0,4,6,30,44,0,3.9410719328711834,4.48358627820243,-0.5425143453312464,DADO HISTÓRICO,
SP,354390,RIO CLARO,2031922,UBS ORESTES ARMANDO GIOVANNI,,,,,,,,,23.0,SP,2014,0 a 18 anos,,,1.0,4.3478260869565215,22.0,95.65217391304348,0.0,0.0,0.0,0.0,0.0,0.0,2031922,-22.425,-47.555,4,0,4,6,30,44,0,3.6954320409527353,3.9410719328711834,-0.24563989191844815,DADO HISTÓRICO,
SP,354390,RIO CLARO,2031922,UBS ORESTES ARMANDO GIOVANNI,,,,,,,,,54.0,SP,2015,0 a 18 anos,,,3.0,5.555555555555555,45.0,83.33333333333334,0.0,0.0,6.0,11.11111111111111,0.0,0.0,2031922,-22.425,-47.555,4,0,4,6,30,44,0,4.240094350320927,3.6954320409527353,0.5446623093681917,DADO HISTÓRICO,
SP,354390,RIO CLARO,2031922,UBS ORESTES ARMANDO GIOVANNI,,,,,,,,,36.0,SP,2016,0 a 18 anos,,,0.0,0.0,28.0,77.77777777777779,0.0,0.0,8.0,22.22222222222222,0.0,0.0,2031922,-22.425,-47.555,4,0,4,6,30,44,0,3.3011272141706924,4.240094350320927,-0.9389671361502345,DADO HISTÓRICO,
SP,354390,RIO CLARO,2031922,UBS ORESTES ARMANDO GIOVANNI,,,,,,,,,40.0,SP,2017,0 a 18 anos,,,1.0,2.5,34.0,85.0,2.0,5.0,3.0,7.5,0.0,0.0,2031922,-22.425,-47.555,4,0,4,6,30,44,0,2.6851851851851856,3.3011272141706924,-0.6159420289855069,DADO HISTÓRICO,
SP,354390,RIO CLARO,2031922,UBS ORESTES ARMANDO GIOVANNI,,,,,,,,,19.0,SP,2018,0 a 18 anos,,,1.0,5.263157894736842,13.0,68.42105263157895,5.0,26.31578947368421,0.0,0.0,0.0,0.0,2031922,-22.425,-47.555,4,0,4,6,30,44,0,2.5877192982456143,2.6851851851851856,-0.09746588693957126,DADO HISTÓRICO,
SP,354390,RIO CLARO,2031922,UBS ORESTES ARMANDO GIOVANNI,,,,,,,,,21.0,SP,2019,0 a 18 anos,,,2.0,9.523809523809524,11.0,52.38095238095239,5.0,23.809523809523807,3.0,14.285714285714285,0.0,0.0,2031922,-22.425,-47.555,4,0,4,6,30,44,0,5.76232247284879,2.5877192982456143,3.1746031746031753,DADO HISTÓRICO,
SP,354390,RIO CLARO,2031922,UBS ORESTES ARMANDO GIOVANNI,,,,,,,,,21.0,SP,2020,0 a 18 anos,,,0.0,0.0,18.0,85.71428571428571,1.0,4.761904761904762,2.0,9.523809523809524,0.0,0.0,2031922,-22.425,-47.555,4,0,4,6,30,44,0,4.928989139515456,5.76232247284879,-0.8333333333333339,DADO HISTÓRICO,
SP,354390,RIO CLARO,2031922,UBS ORESTES ARMANDO GIOVANNI,,,,,,,,,6.0,SP,2021,0 a 18 anos,,,0.0,0.0,6.0,100.0,0.0,0.0,0.0,0.0,0.0,0.0,2031922,-22.425,-47.555,4,0,4,6,30,44,0,3.1746031746031753,4.928989139515456,-1.7543859649122804,DADO HISTÓRICO,
SP,354390,RIO CLARO,2031922,UBS ORESTES ARMANDO GIOVANNI,,,,,,,,,996.0,SP,2022,0 a 18 anos,,,22.0,2.208835341365462,683.0,68.57429718875501,155.0,15.562248995983936,136.0,13.654618473895583,26.0,2.610441767068273,2031922,-22.425,-47.555,4,0,4,6,30,44,0,0.7362784471218206,3.1746031746031753,-2.438324727481355,DADO HISTÓRICO,
SP,354390,RIO CLARO,2031922,UBS ORESTES ARMANDO GIOVANNI,,,,,,,,,1540.0,SP,2023,0 a 18 anos,,,38.0,2.467532467532468,1146.0,74.41558441558442,154.0,10.0,202.0,13.116883116883116,37.0,2.4025974025974026,2031922,-22.425,-47.555,4,0,4,6,30,44,0,1.5587892696326433,0.7362784471218206,0.8225108225108227,DADO HISTÓRICO,
SP,354390,RIO CLARO,2031922,UBS ORESTES ARMANDO GIOVANNI,,,,,,,,,1884.0,SP,2024,0 a 18 anos,,,48.0,2.547770700636943,1403.0,74.4692144373673,200.0,10.615711252653927,233.0,12.367303609341826,27.0,1.4331210191082804,2031922,-22.425,-47.555,4,0,4,6,30,44,0,2.408046169844958,1.5587892696326433,0.8492569002123145,DADO HISTÓRICO,
SP,354390,RIO CLARO,2031922,UBS ORESTES ARMANDO GIOVANNI,,,,,,,,,550.025,SP,2025,0 a 18 anos,,,47.0,8.545066133357574,1092.0,198.53643016226536,201.0,36.54379346393346,234.0,42.54352074905686,29.0,5.272487614199354,2031922,-22.425,-47.555,4,0,4,6,30,44,0,4.520123100508996,2.408046169844958,2.112076930664038,DADO HISTÓRICO,
SP,354390,RIO CLARO,2033186,UBS PSF DR GILSON GIOVANNI,,,,,,,,,53.0,SP,2010,0 a 18 anos,,,0.0,0.0,50.0,94.33962264150944,0.0,0.0,3.0,5.660377358490567,0.0,0.0,2033186,-22.418,-47.585,6,0,1,5,24,29,0,1.3888888888888888,2.7777777777777777,-1.3888888888888888,DADO HISTÓRICO,
SP,354390,RIO CLARO,2033186,UBS PSF DR GILSON GIOVANNI,,,,,,,,,120.0,SP,2011,0 a 18 anos,,,4.0,3.333333333333333,103.0,85.83333333333333,0.0,0.0,13.0,10.833333333333334,0.0,0.0,2033186,-22.418,-47.585,6,0,1,5,24,29,0,2.0370370370370368,1.3888888888888888,0.6481481481481479,DADO HISTÓRICO,
SP,354390,RIO CLARO,2033186,UBS PSF DR GILSON GIOVANNI,,,,,,,,,54.0,SP,2012,0 a 18 anos,,,0.0,0.0,47.0,87.03703703703704,0.0,0.0,7.0,12.962962962962962,0.0,0.0,2033186,-22.418,-47.585,6,0,1,5,24,29,0,1.111111111111111,2.0370370370370368,-0.9259259259259258,DADO HISTÓRICO,
SP,354390,RIO CLARO,2033186,UBS PSF DR GILSON GIOVANNI,,,,,,,,,78.0,SP,2013,0 a 18 anos,,,1.0,1.282051282051282,69.0,88.46153846153845,0.0,0.0,8.0,10.256410256410255,0.0,0.0,2033186,-22.418,-47.585,6,0,1,5,24,29,0,1.5384615384615383,1.111111111111111,0.4273504273504274,DADO HISTÓRICO,
SP,354390,RIO CLARO,2033186,UBS PSF DR GILSON GIOVANNI,,,,,,,,,63.0,SP,2014,0 a 18 anos,,,3.0,4.761904761904762,57.0,90.47619047619048,0.0,0.0,3.0,4.761904761904762,0.0,0.0,2033186,-22.418,-47.585,6,0,1,5,24,29,0,2.0146520146520146,1.5384615384615383,0.4761904761904763,DADO HISTÓRICO,
SP,354390,RIO CLARO,2033186,UBS PSF DR GILSON GIOVANNI,,,,,,,,,85.0,SP,2015,0 a 18 anos,,,3.0,3.5294117647058822,72.0,84.70588235294117,0.0,0.0,10.0,11.76470588235294,0.0,0.0,2033186,-22.418,-47.585,6,0,1,5,24,29,0,3.1911226028873085,2.0146520146520146,1.176470588235294,DADO HISTÓRICO,
SP,354390,RIO CLARO,2033186,UBS PSF DR GILSON GIOVANNI,,,,,,,,,22.0,SP,2016,0 a 18 anos,,,1.0,4.545454545454546,20.0,90.9090909090909,0.0,0.0,1.0,4.545454545454546,0.0,0.0,2033186,-22.418,-47.585,6,0,1,5,24,29,0,4.278923690688397,3.1911226028873085,1.0878010878010884,DADO HISTÓRICO,
SP,354390,RIO CLARO,2033186,UBS PSF DR GILSON GIOVANNI,,,,,,,,,140.0,SP,2017,0 a 18 anos,,,3.0,2.142857142857143,105.0,75.0,16.0,11.428571428571429,16.0,11.428571428571429,1.0,0.7142857142857143,2033186,-22.418,-47.585,6,0,1,5,24,29,0,3.405907817672524,4.278923690688397,-0.873015873015873,DADO HISTÓRICO,
SP,354390,RIO CLARO,2033186,UBS PSF DR GILSON GIOVANNI,,,,,,,,,34.0,SP,2018,0 a 18 anos,,,3.0,8.823529411764707,25.0,73.52941176470588,1.0,2.941176470588235,5.0,14.705882352941178,0.0,0.0,2033186,-22.418,-47.585,6,0,1,5,24,29,0,5.1706137000254655,3.405907817672524,1.7647058823529416,DADO HISTÓRICO,
SP,354390,RIO CLARO,2033186,UBS PSF DR GILSON GIOVANNI,,,,,,,,,36.0,SP,2019,0 a 18 anos,,,2.0,5.555555555555555,27.0,75.0,3.0,8.333333333333332,4.0,11.11111111111111,0.0,0.0,2033186,-22.418,-47.585,6,0,1,5,24,29,0,5.507314036725802,5.1706137000254655,0.3367003367003365,DADO HISTÓRICO,
SP,354390,RIO CLARO,2033186,UBS PSF DR GILSON GIOVANNI,,,,,,,,,73.0,SP,2020,0 a 18 anos,,,4.0,5.47945205479452,43.0,58.9041095890411,11.0,15.068493150684931,15.0,20.54794520547945,2.0,2.73972602739726,2033186,-22.418,-47.585,6,0,1,5,24,29,0,6.619512340704927,5.507314036725802,1.1121983039791248,DADO HISTÓRICO,
SP,354390,RIO CLARO,2033186,UBS PSF DR GILSON GIOVANNI,,,,,,,,,81.0,SP,2021,0 a 18 anos,,,1.0,1.2345679012345678,50.0,61.72839506172839,10.0,12.34567901234568,20.0,24.69135802469136,5.0,6.172839506172839,2033186,-22.418,-47.585,6,0,1,5,24,29,0,4.089858503861548,6.619512340704927,-2.529653836843379,DADO HISTÓRICO,
SP,354390,RIO CLARO,2033186,UBS PSF DR GILSON GIOVANNI,,,,,,,,,370.0,SP,2022,0 a 18 anos,,,7.0,1.891891891891892,283.0,76.48648648648648,30.0,8.108108108108109,50.0,13.513513513513514,7.0,1.891891891891892,2033186,-22.418,-47.585,6,0,1,5,24,29,0,2.868637282640327,4.089858503861548,-1.2212212212212208,DADO HISTÓRICO,
SP,354390,RIO CLARO,2033186,UBS PSF DR GILSON GIOVANNI,,,,,,,,,427.0,SP,2023,0 a 18 anos,,,11.0,2.576112412177986,316.0,74.00468384074942,39.0,9.133489461358314,61.0,14.285714285714285,7.0,1.639344262295082,2033186,-22.418,-47.585,6,0,1,5,24,29,0,1.9008574017681488,2.868637282640327,-0.967779880872178,DADO HISTÓRICO,
SP,354390,RIO CLARO,2033186,UBS PSF DR GILSON GIOVANNI,,,,,,,,,478.0,SP,2024,0 a 18 anos,,,14.0,2.928870292887029,346.0,72.38493723849372,53.0,11.08786610878661,65.0,13.598326359832637,7.0,1.4644351464435146,2033186,-22.418,-47.585,6,0,1,5,24,29,0,2.4656248656523023,1.9008574017681488,0.5647674638841536,DADO HISTÓRICO,
SP,354390,RIO CLARO,2033186,UBS PSF DR GILSON GIOVANNI,,,,,,,,,436.0,SP,2025,0 a 18 anos,,,11.0,2.522935779816514,321.0,73.62385321100918,43.0,9.862385321100918,61.0,13.990825688073391,8.0,1.834862385321101,2033186,-22.418,-47.585,6,0,1,5,24,29,0,2.6759728282938426,2.4656248656523023,0.21034796264154032,DADO HISTÓRICO,
SP,354390,RIO CLARO,2049163,UBS PSF DE AJAPI,,,,,,,,,8.0,SP,2010,0 a 18 anos,,,0.0,0.0,8.0,100.0,0.0,0.0,0.0,0.0,0.0,0.0,2049163,-22.34,-47.565,0,0,0,0,0,0,0,0.0,0.0,0.0,DADO HISTÓRICO,
SP,354390,RIO CLARO,2049163,UBS PSF DE AJAPI FARMACEUTICO ANTONIO GILBERTO FONSECA,,,,,,,,,27.0,SP,2011,0 a 18 anos,,,0.0,0.0,24.0,88.88888888888889,0.0,0.0,3.0,11.11111111111111,0.0,0.0,2049163,-22.34,-47.565,0,0,0,0,0,0,0,0.0,0.0,0.0,DADO HISTÓRICO,
SP,354390,RIO CLARO,2049163,UBS PSF DE AJAPI,,,,,,,,,18.0,SP,2012,0 a 18 anos,,,0.0,0.0,17.0,94.44444444444444,0.0,0.0,1.0,5.555555555555555,0.0,0.0,2049163,-22.34,-47.565,0,0,0,0,0,0,0,0.0,0.0,0.0,DADO HISTÓRICO,
SP,354390,RIO CLARO,2049163,UBS PSF DE AJAPI,,,,,,,,,37.0,SP,2013,0 a 18 anos,,,0.0,0.0,30.0,81.08108108108108,0.0,0.0,7.0,18.91891891891892,0.0,0.0,2049163,-22.34,-47.565,0,0,0,0,0,0,0,0.0,0.0,0.0,DADO HISTÓRICO,
SP,354390,RIO CLARO,2049163,UBS PSF DE AJAPI,,,,,,,,,33.0,SP,2014,0 a 18 anos,,,0.0,0.0,31.0,93.93939393939394,0.0,0.0,2.0,6.0606060606060606,0.0,0.0,2049163,-22.34,-47.565,0,0,0,0,0,0,0,0.0,0.0,0.0,DADO HISTÓRICO,
SP,354390,RIO CLARO,2049163,UBS PSF DE AJAPI,,,,,,,,,24.0,SP,2015,0 a 18 anos,,,2.0,8.333333333333332,20.0,83.33333333333334,0.0,0.0,2.0,8.333333333333332,0.0,0.0,2049163,-22.34,-47.565,0,0,0,0,0,0,0,2.7777777777777772,0.0,2.7777777777777772,DADO HISTÓRICO,
SP,354390,RIO CLARO,2049163,UBS PSF DE AJAPI,,,,,,,,,13.0,SP,2016,0 a 18 anos,,,1.0,7.6923076923076925,10.0,76.92307692307693,0.0,0.0,2.0,15.384615384615383,0.0,0.0,2049163,-22.34,-47.565,0,0,0,0,0,0,0,5.3418803418803416,2.7777777777777772,2.5641025641025643,DADO HISTÓRICO,
SP,354390,RIO CLARO,2049163,UBS PSF DE AJAPI,,,,,,,,,68.0,SP,2017,0 a 18 anos,,,1.0,1.4705882352941175,53.0,77.94117647058823,4.0,5.88235294117647,10.0,14.705882352941178,2.0,2.941176470588235,2049163,-22.34,-47.565,0,0,0,0,0,0,0,5.832076420311714,5.3418803418803416,0.4901960784313726,DADO HISTÓRICO,
SP,354390,RIO CLARO,2049163,UBS PSF DE AJAPI,,,,,,,,,62.0,SP,2018,0 a 18 anos,,,0.0,0.0,48.0,77.41935483870968,3.0,4.838709677419355,11.0,17.741935483870968,3.0,4.838709677419355,2049163,-22.34,-47.565,0,0,0,0,0,0,0,3.0542986425339365,5.832076420311714,-2.7777777777777777,DADO HISTÓRICO,
SP,354390,RIO CLARO,2049163,UBS PSF DE AJAPI,,,,,,,,,33.0,SP,2019,0 a 18 anos,,,0.0,0.0,27.0,81.81818181818183,2.0,6.0606060606060606,4.0,12.12121212121212,0.0,0.0,2049163,-22.34,-47.565,0,0,0,0,0,0,0,0.49019607843137253,3.0542986425339365,-2.564102564102564,DADO HISTÓRICO,
SP,354390,RIO CLARO,2049163,UBS PSF DE AJAPI,,,,,,,,,49.0,SP,2020,0 a 18 anos,,,0.0,0.0,36.0,73.46938775510205,6.0,12.244897959183673,7.0,14.285714285714285,2.0,4.081632653061225,2049163,-22.34,-47.565,0,0,0,0,0,0,0,0.0,0.49019607843137253,-0.49019607843137253,DADO HISTÓRICO,
SP,354390,RIO CLARO,2049163,UBS PSF DE AJAPI,,,,,,,,,123.0,SP,2021,0 a 18 anos,,,1.0,0.8130081300813009,71.0,57.72357723577236,20.0,16.260162601626014,31.0,25.203252032520325,8.0,6.504065040650407,2049163,-22.34,-47.565,0,0,0,0,0,0,0,0.2710027100271003,0.0,0.2710027100271003,DADO HISTÓRICO,
SP,354390,RIO CLARO,2049163,UBS PSF DE AJAPI FARMACEUTICO ANTONIO GILBERTO FONSECA,,,,,,,,,342.0,SP,2022,0 a 18 anos,,,7.0,2.046783625730994,262.0,76.60818713450293,31.0,9.064327485380115,42.0,12.280701754385964,8.0,2.3391812865497075,2049163,-22.34,-47.565,0,0,0,0,0,0,0,0.9532639186040983,0.2710027100271003,0.682261208576998,DADO HISTÓRICO,
SP,354390,RIO CLARO,2049163,UBS PSF DE AJAPI FARMACEUTICO ANTONIO GILBERTO FONSECA,,,,,,,,,365.0,SP,2023,0 a 18 anos,,,7.0,1.9178082191780823,281.0,76.98630136986301,33.0,9.04109589041096,44.0,12.054794520547944,9.0,2.4657534246575343,2049163,-22.34,-47.565,0,0,0,0,0,0,0,1.5925333249967923,0.9532639186040983,0.639269406392694,DADO HISTÓRICO,
SP,354390,RIO CLARO,2049163,UBS PSF DE AJAPI FARMACEUTICO ANTONIO GILBERTO FONSECA,,,,,,,,,357.0,SP,2024,0 a 18 anos,,,5.0,1.400560224089636,268.0,75.07002801120449,29.0,8.123249299719888,55.0,15.406162464985997,9.0,2.5210084033613445,2049163,-22.34,-47.565,0,0,0,0,0,0,0,1.7883840229995709,1.5925333249967923,0.19585069800277854,DADO HISTÓRICO,
SP,354390,RIO CLARO,2049163,UBS PSF DE AJAPI FARMACEUTICO ANTONIO GILBERTO FONSECA,,,,,,,,,436.0,SP,2025,0 a 18 anos,,,7.0,1.6055045871559634,318.0,72.93577981651376,31.0,7.110091743119266,80.0,18.34862385321101,19.0,4.357798165137615,2049163,-22.34,-47.565,0,0,0,0,0,0,0,1.6412910101412272,1.7883840229995709,-0.14709301285834364,DADO HISTÓRICO,
SP,354390,RIO CLARO,2055821,UBS PSF DA ASSISTENCIA,,,,,,,,,15.0,SP,2010,0 a 18 anos,,,2.0,13.333333333333334,12.0,80.0,0.0,0.0,1.0,6.666666666666667,0.0,0.0,2055821,-22.43,-47.56,4,0,4,6,35,48,0,6.666666666666667,0.0,6.666666666666667,DADO HISTÓRICO,
SP,354390,RIO CLARO,2055821,UBS PSF DA ASSISTENCIA,,,,,,,,,11.0,SP,2011,0 a 18 anos,,,1.0,9.090909090909092,9.0,81.81818181818183,0.0,0.0,1.0,9.090909090909092,0.0,0.0,2055821,-22.43,-47.56,4,0,4,6,35,48,0,7.474747474747475,6.666666666666667,0.808080808080808,DADO HISTÓRICO,
SP,354390,RIO CLARO,2055821,UBS PSF DA ASSISTENCIA,,,,,,,,,7.0,SP,2012,0 a 18 anos,,,0.0,0.0,7.0,100.0,0.0,0.0,0.0,0.0,0.0,0.0,2055821,-22.43,-47.56,4,0,4,6,35,48,0,7.474747474747475,7.474747474747475,0.0,DADO HISTÓRICO,
SP,354390,RIO CLARO,2055821,UBS PSF DA ASSISTENCIA,,,,,,,,,7.0,SP,2013,0 a 18 anos,,,1.0,14.285714285714285,6.0,85.71428571428571,0.0,0.0,0.0,0.0,0.0,0.0,2055821,-22.43,-47.56,4,0,4,6,35,48,0,7.792207792207793,7.474747474747475,0.3174603174603181,DADO HISTÓRICO,
SP,354390,RIO CLARO,2055821,UBS PSF DA ASSISTENCIA,,,,,,,,,9.0,SP,2014,0 a 18 anos,,,0.0,0.0,8.0,88.88888888888889,0.0,0.0,1.0,11.11111111111111,0.0,0.0,2055821,-22.43,-47.56,4,0,4,6,35,48,0,4.761904761904762,7.792207792207793,-3.030303030303031,DADO HISTÓRICO,
SP,354390,RIO CLARO,2055821,UBS PSF DA ASSISTENCIA,,,,,,,,,18.0,SP,2015,0 a 18 anos,,,0.0,0.0,16.0,88.88888888888889,0.0,0.0,2.0,11.11111111111111,0.0,0.0,2055821,-22.43,-47.56,4,0,4,6,35,48,0,4.761904761904762,4.761904761904762,0.0,DADO HISTÓRICO,
SP,354390,RIO CLARO,2055821,UBS PSF DA ASSISTENCIA,,,,,,,,,11.0,SP,2016,0 a 18 anos,,,0.0,0.0,10.0,90.9090909090909,0.0,0.0,1.0,9.090909090909092,0.0,0.0,2055821,-22.43,-47.56,4,0,4,6,35,48,0,0.0,4.761904761904762,-4.761904761904762,DADO HISTÓRICO,
SP,354390,RIO CLARO,2055821,UBS PSF DA ASSISTENCIA,,,,,,,,,42.0,SP,2017,0 a 18 anos,,,0.0,0.0,28.0,66.66666666666666,2.0,4.761904761904762,12.0,28.57142857142857,0.0,0.0,2055821,-22.43,-47.56,4,0,4,6,35,48,0,0.0,0.0,0.0,DADO HISTÓRICO,
SP,354390,RIO CLARO,2055821,UBS PSF DA ASSISTENCIA,,,,,,,,,9.0,SP,2018,0 a 18 anos,,,0.0,0.0,5.0,55.55555555555556,2.0,22.22222222222222,2.0,22.22222222222222,0.0,0.0,2055821,-22.43,-47.56,4,0,4,6,35,48,0,0.0,0.0,0.0,DADO HISTÓRICO,
SP,354390,RIO CLARO,2055821,UBS PSF DA ASSISTENCIA,,,,,,,,,11.0,SP,2019,0 a 18 anos,,,0.0,0.0,9.0,81.81818181818183,1.0,9.090909090909092,1.0,9.090909090909092,0.0,0.0,2055821,-22.43,-47.56,4,0,4,6,35,48,0,0.0,0.0,0.0,DADO HISTÓRICO,
SP,354390,RIO CLARO,2055821,UBS PSF DA ASSISTENCIA,,,,,,,,,8.0,SP,2020,0 a 18 anos,,,1.0,12.5,5.0,62.5,1.0,12.5,1.0,12.5,0.0,0.0,2055821,-22.43,-47.56,4,0,4,6,35,48,0,4.166666666666667,0.0,4.166666666666667,DADO HISTÓRICO,
SP,354390,RIO CLARO,2055821,UBS PSF DA ASSISTENCIA,,,,,,,,,68.0,SP,2021,0 a 18 anos,,,2.0,2.941176470588235,47.0,69.11764705882352,5.0,7.352941176470589,14.0,20.588235294117645,0.0,0.0,2055821,-22.43,-47.56,4,0,4,6,35,48,0,5.147058823529412,4.166666666666667,0.9803921568627452,DADO HISTÓRICO,
SP,354390,RIO CLARO,2055821,UBS PSF DA ASSISTENCIA,,,,,,,,,133.0,SP,2022,0 a 18 anos,,,6.0,4.511278195488721,93.0,69.92481203007519,16.0,12.030075187969924,18.0,13.533834586466163,2.0,1.5037593984962403,2055821,-22.43,-47.56,4,0,4,6,35,48,0,6.650818222025652,5.147058823529412,1.50375939849624,DADO HISTÓRICO,
SP,354390,RIO CLARO,2055821,UBS PSF DA ASSISTENCIA,,,,,,,,,166.0,SP,2023,0 a 18 anos,,,5.0,3.0120481927710845,121.0,72.89156626506023,9.0,5.421686746987952,31.0,18.67469879518072,4.0,2.409638554216868,2055821,-22.43,-47.56,4,0,4,6,35,48,0,3.488167619616014,6.650818222025652,-3.1626506024096384,DADO HISTÓRICO,
SP,354390,RIO CLARO,2055821,UBS PSF DA ASSISTENCIA,,,,,,,,,155.0,SP,2024,0 a 18 anos,,,6.0,3.870967741935484,124.0,80.0,7.0,4.516129032258064,18.0,11.612903225806452,2.0,1.2903225806451613,2055821,-22.43,-47.56,4,0,4,6,35,48,0,3.7980980433984297,3.488167619616014,0.30993042378241586,DADO HISTÓRICO,
SP,354390,RIO CLARO,2055821,UBS PSF DA ASSISTENCIA,,,,,,,,,162.0,SP,2025,0 a 18 anos,,,6.0,3.7037037037037033,123.0,75.92592592592592,16.0,9.876543209876544,17.0,10.493827160493826,3.0,1.851851851851852,2055821,-22.43,-47.56,4,0,4,6,35,48,0,3.5289065461367577,3.7980980433984297,-0.269191497261672,DADO HISTÓRICO,
SP,354390,RIO CLARO,2055902,UBS PSF CELIA AP CECCATO,,,,,,,,,61.0,SP,2009,0 a 18 anos,,,3.0,4.918032786885246,57.0,93.44262295081968,0.0,0.0,1.0,1.639344262295082,0.0,0.0,2055902,-22.402,-47.58,4,0,2,8,55,29,0,27.459016393442624,50.0,-22.540983606557376,DADO HISTÓRICO,
SP,354390,RIO CLARO,2055902,UBS PSF CELIA AP CECCATO,,,,,,,,,90.0,SP,2010,0 a 18 anos,,,2.0,2.2222222222222223,88.0,97.77777777777776,0.0,0.0,0.0,0.0,0.0,0.0,2055902,-22.402,-47.58,4,0,2,8,55,29,0,19.04675166970249,27.459016393442624,-8.412264723740133,DADO HISTÓRICO,
SP,354390,RIO CLARO,2055902,UBS PSF CELIA AP CECCATO,,,,,,,,,7.0,SP,2011,0 a 18 anos,,,0.0,0.0,7.0,100.0,0.0,0.0,0.0,0.0,0.0,0.0,2055902,-22.402,-47.58,4,0,2,8,55,29,0,2.380085003035823,19.04675166970249,-16.666666666666668,DADO HISTÓRICO,
SP,354390,RIO CLARO,2055902,UBS PSF CELIA AP CECCATO,,,,,,,,,74.0,SP,2012,0 a 18 anos,,,1.0,1.351351351351351,71.0,95.94594594594594,0.0,0.0,2.0,2.702702702702702,0.0,0.0,2055902,-22.402,-47.58,4,0,2,8,55,29,0,1.191191191191191,2.380085003035823,-1.188893811844632,DADO HISTÓRICO,
SP,354390,RIO CLARO,2055902,UBS PSF CELIA AP CECCATO,,,,,,,,,148.0,SP,2013,0 a 18 anos,,,9.0,6.081081081081082,125.0,84.45945945945947,0.0,0.0,14.0,9.45945945945946,0.0,0.0,2055902,-22.402,-47.58,4,0,2,8,55,29,0,2.4774774774774775,1.191191191191191,1.2862862862862865,DADO HISTÓRICO,
SP,354390,RIO CLARO,2055902,UBS PSF CELIA AP CECCATO,,,,,,,,,89.0,SP,2014,0 a 18 anos,,,3.0,3.3707865168539324,80.0,89.8876404494382,0.0,0.0,6.0,6.741573033707865,0.0,0.0,2055902,-22.402,-47.58,4,0,2,8,55,29,0,3.6010729830954546,2.4774774774774775,1.1235955056179772,DADO HISTÓRICO,
SP,354390,RIO CLARO,2055902,UBS PSF CELIA AP CECCATO,,,,,,,,,11.0,SP,2015,0 a 18 anos,,,0.0,0.0,11.0,100.0,0.0,0.0,0.0,0.0,0.0,0.0,2055902,-22.402,-47.58,4,0,2,8,55,29,0,3.1506225326450044,3.6010729830954546,-0.4504504504504503,DADO HISTÓRICO,
SP,354390,RIO CLARO,2055902,UBS PSF CELIA AP CECCATO,,,,,,,,,114.0,SP,2016,0 a 18 anos,,,11.0,9.649122807017545,102.0,89.47368421052632,0.0,0.0,1.0,0.8771929824561403,0.0,0.0,2055902,-22.402,-47.58,4,0,2,8,55,29,0,4.3399697746238255,3.1506225326450044,1.1893472419788211,DADO HISTÓRICO,
SP,354390,RIO CLARO,2055902,UBS PSF CELIA AP CECCATO,,,,,,,,,8.0,SP,2017,0 a 18 anos,,,0.0,0.0,7.0,87.5,0.0,0.0,1.0,12.5,0.0,0.0,2055902,-22.402,-47.58,4,0,2,8,55,29,0,3.2163742690058483,4.3399697746238255,-1.1235955056179772,DADO HISTÓRICO,
SP,354390,RIO CLARO,2055902,UBS PSF CELIA AP CECCATO,,,,,,,,,75.0,SP,2018,0 a 18 anos,,,3.0,4.0,47.0,62.66666666666667,13.0,17.333333333333336,12.0,16.0,2.0,2.666666666666667,2055902,-22.402,-47.58,4,0,2,8,55,29,0,4.549707602339182,3.2163742690058483,1.3333333333333335,DADO HISTÓRICO,
SP,354390,RIO CLARO,2055902,UBS PSF CELIA AP CECCATO,,,,,,,,,67.0,SP,2019,0 a 18 anos,,,3.0,4.477611940298507,40.0,59.70149253731343,18.0,26.86567164179105,6.0,8.955223880597014,1.0,1.4925373134328357,2055902,-22.402,-47.58,4,0,2,8,55,29,0,2.825870646766169,4.549707602339182,-1.7238369555730126,DADO HISTÓRICO,
SP,354390,RIO CLARO,2055902,UBS PSF CELIA AP CECCATO,,,,,,,,,3.0,SP,2020,0 a 18 anos,,,1.0,33.33333333333333,2.0,66.66666666666666,0.0,0.0,0.0,0.0,0.0,0.0,2055902,-22.402,-47.58,4,0,2,8,55,29,0,13.936981757877279,2.825870646766169,11.111111111111109,DADO HISTÓRICO,
SP,354390,RIO CLARO,2055902,UBS PSF CELIA AP CECCATO,,,,,,,,,129.0,SP,2021,0 a 18 anos,,,2.0,1.550387596899225,105.0,81.3953488372093,0.0,0.0,22.0,17.05426356589147,0.0,0.0,2055902,-22.402,-47.58,4,0,2,8,55,29,0,13.120444290177021,13.936981757877279,-0.8165374677002575,DADO HISTÓRICO,
SP,354390,RIO CLARO,2055902,UBS PSF CELIA AP CECCATO DA SILVA,,,,,,,,,921.0,SP,2022,0 a 18 anos,,,39.0,4.234527687296417,712.0,77.30727470141152,69.0,7.491856677524431,101.0,10.966340933767643,12.0,1.3029315960912051,2055902,-22.402,-47.58,4,0,2,8,55,29,0,13.03941620584299,13.120444290177021,-0.08102808433403119,DADO HISTÓRICO,
SP,354390,RIO CLARO,2055902,UBS PSF CELIA AP CECCATO DA SILVA,,,,,,,,,1203.0,SP,2023,0 a 18 anos,,,43.0,3.5743973399833746,918.0,76.30922693266832,99.0,8.229426433915211,143.0,11.886949293433084,21.0,1.7456359102244388,2055902,-22.402,-47.58,4,0,2,8,55,29,0,3.119770874726339,13.03941620584299,-9.919645331116651,DADO HISTÓRICO,
SP,354390,RIO CLARO,2055902,UBS PSF CELIA AP CECCATO DA SILVA,,,,,,,,,1350.0,SP,2024,0 a 18 anos,,,37.0,2.740740740740741,1049.0,77.70370370370371,119.0,8.814814814814815,145.0,10.74074074074074,23.0,1.7037037037037035,2055902,-22.402,-47.58,4,0,2,8,55,29,0,3.516555256006844,3.119770874726339,0.3967843812805052,DADO HISTÓRICO,
SP,354390,RIO CLARO,2055902,UBS PSF CELIA AP CECCATO DA SILVA,,,,,,,,,1332.0,SP,2025,0 a 18 anos,,,31.0,2.3273273273273274,1008.0,75.67567567567568,124.0,9.30930930930931,169.0,12.687687687687689,22.0,1.6516516516516515,2055902,-22.402,-47.58,4,0,2,8,55,29,0,2.880821802683814,3.516555256006844,-0.6357334533230299,DADO HISTÓRICO,
SP,354390,RIO CLARO,2060825,UBS DR SILVIO ARNALDO PIVA,,,,,,,,,60.0,SP,2010,0 a 18 anos,,,3.0,5.0,55.0,91.66666666666666,0.0,0.0,2.0,3.333333333333333,0.0,0.0,2060825,-22.421,-47.545,1,0,2,2,12,14,0,4.351851851851851,3.7037037037037033,0.6481481481481479,DADO HISTÓRICO,
SP,354390,RIO CLARO,2060825,UBS DR SILVIO ARNALDO PIVA,,,,,,,,,49.0,SP,2011,0 a 18 anos,,,1.0,2.0408163265306123,47.0,95.91836734693877,0.0,0.0,1.0,2.0408163265306123,0.0,0.0,2060825,-22.421,-47.545,1,0,2,2,12,14,0,3.581506676744772,4.351851851851851,-0.7703451751070793,DADO HISTÓRICO,
SP,354390,RIO CLARO,2060825,UBS DR SILVIO ARNALDO PIVA,,,,,,,,,5.0,SP,2012,0 a 18 anos,,,0.0,0.0,5.0,100.0,0.0,0.0,0.0,0.0,0.0,0.0,2060825,-22.421,-47.545,1,0,2,2,12,14,0,2.346938775510204,3.581506676744772,-1.234567901234568,DADO HISTÓRICO,
SP,354390,RIO CLARO,2060825,UBS DR SILVIO ARNALDO PIVA,,,,,,,,,14.0,SP,2013,0 a 18 anos,,,0.0,0.0,12.0,85.71428571428571,0.0,0.0,2.0,14.285714285714285,0.0,0.0,2060825,-22.421,-47.545,1,0,2,2,12,14,0,0.6802721088435374,2.346938775510204,-1.6666666666666665,DADO HISTÓRICO,
SP,354390,RIO CLARO,2060825,UBS DR SILVIO ARNALDO PIVA,,,,,,,,,77.0,SP,2014,0 a 18 anos,,,3.0,3.896103896103896,66.0,85.71428571428571,0.0,0.0,8.0,10.38961038961039,0.0,0.0,2060825,-22.421,-47.545,1,0,2,2,12,14,0,1.2987012987012987,0.6802721088435374,0.6184291898577613,DADO HISTÓRICO,
SP,354390,RIO CLARO,2060825,UBS DR SILVIO ARNALDO PIVA,,,,,,,,,78.0,SP,2015,0 a 18 anos,,,2.0,2.564102564102564,70.0,89.74358974358975,0.0,0.0,6.0,7.6923076923076925,0.0,0.0,2060825,-22.421,-47.545,1,0,2,2,12,14,0,2.1534021534021535,1.2987012987012987,0.8547008547008548,DADO HISTÓRICO,
SP,354390,RIO CLARO,2060825,UBS DR SILVIO ARNALDO PIVA,,,,,,,,,33.0,SP,2016,0 a 18 anos,,,1.0,3.0303030303030303,27.0,81.81818181818183,0.0,0.0,5.0,15.151515151515152,0.0,0.0,2060825,-22.421,-47.545,1,0,2,2,12,14,0,3.1635031635031634,2.1534021534021535,1.01010101010101,DADO HISTÓRICO,
SP,354390,RIO CLARO,2060825,UBS DR SILVIO ARNALDO PIVA,,,,,,,,,44.0,SP,2017,0 a 18 anos,,,1.0,2.272727272727273,35.0,79.54545454545455,4.0,9.090909090909092,4.0,9.090909090909092,0.0,0.0,2060825,-22.421,-47.545,1,0,2,2,12,14,0,2.622377622377622,3.1635031635031634,-0.5411255411255413,DADO HISTÓRICO,
SP,354390,RIO CLARO,2060825,UBS DR SILVIO ARNALDO PIVA,,,,,,,,,42.0,SP,2018,0 a 18 anos,,,0.0,0.0,32.0,76.19047619047619,6.0,14.285714285714285,4.0,9.523809523809524,0.0,0.0,2060825,-22.421,-47.545,1,0,2,2,12,14,0,1.7676767676767675,2.622377622377622,-0.8547008547008546,DADO HISTÓRICO,
SP,354390,RIO CLARO,2060825,UBS DR SILVIO ARNALDO PIVA,,,,,,,,,54.0,SP,2019,0 a 18 anos,,,1.0,1.851851851851852,43.0,79.62962962962963,4.0,7.4074074074074066,6.0,11.11111111111111,0.0,0.0,2060825,-22.421,-47.545,1,0,2,2,12,14,0,1.3748597081930416,1.7676767676767675,-0.3928170594837259,DADO HISTÓRICO,
SP,354390,RIO CLARO,2060825,UBS DR SILVIO ARNALDO PIVA,,,,,,,,,8.0,SP,2020,0 a 18 anos,,,1.0,12.5,6.0,75.0,1.0,12.5,0.0,0.0,0.0,0.0,2060825,-22.421,-47.545,1,0,2,2,12,14,0,4.78395061728395,1.3748597081930416,3.4090909090909083,DADO HISTÓRICO,
SP,354390,RIO CLARO,2060825,UBS DR SILVIO ARNALDO PIVA,,,,,,,,,99.0,SP,2021,0 a 18 anos,,,6.0,6.0606060606060606,58.0,58.58585858585859,15.0,15.151515151515152,20.0,20.2020202020202,7.0,7.07070707070707,2060825,-22.421,-47.545,1,0,2,2,12,14,0,6.80415263748597,4.78395061728395,2.02020202020202,DADO HISTÓRICO,
SP,354390,RIO CLARO,2060825,UBS DR SILVIO ARNALDO PIVA,,,,,,,,,768.0,SP,2022,0 a 18 anos,,,29.0,3.7760416666666665,609.0,79.296875,25.0,3.255208333333333,105.0,13.671875,8.0,1.0416666666666663,2060825,-22.421,-47.545,1,0,2,2,12,14,0,7.445549242424242,6.80415263748597,0.6413966049382722,DADO HISTÓRICO,
SP,354390,RIO CLARO,2060825,UBS DR SILVIO ARNALDO PIVA,,,,,,,,,902.0,SP,2023,0 a 18 anos,,,24.0,2.6607538802660757,699.0,77.49445676274944,60.0,6.651884700665188,119.0,13.19290465631929,10.0,1.1086474501108647,2060825,-22.421,-47.545,1,0,2,2,12,14,0,4.165800535846268,7.445549242424242,-3.2797487065779745,DADO HISTÓRICO,
SP,354390,RIO CLARO,2060825,UBS DR SILVIO ARNALDO PIVA,,,,,,,,,1084.0,SP,2024,0 a 18 anos,,,34.0,3.136531365313653,856.0,78.96678966789668,68.0,6.273062730627306,126.0,11.62361623616236,9.0,0.8302583025830259,2060825,-22.421,-47.545,1,0,2,2,12,14,0,3.1911089707487985,4.165800535846268,-0.9746915650974692,DADO HISTÓRICO,
SP,354390,RIO CLARO,2060825,UBS DR SILVIO ARNALDO PIVA,,,,,,,,,805.0,SP,2025,0 a 18 anos,,,23.0,2.857142857142857,618.0,76.77018633540372,52.0,6.459627329192546,112.0,13.91304347826087,4.0,0.4968944099378882,2060825,-22.421,-47.545,1,0,2,2,12,14,0,2.8848093675741957,3.1911089707487985,-0.3062996031746028,DADO HISTÓRICO,
SP,354390,RIO CLARO,2071940,UBS DR NICOLINO MAZZIOTTI,,,,,,,,,60.0,SP,2010,0 a 18 anos,,,2.0,3.333333333333333,52.0,86.66666666666667,0.0,0.0,6.0,10.0,0.0,0.0,2071940,-22.385,-47.558,9,1,4,12,73,58,0,1.6666666666666665,0.0,1.6666666666666665,DADO HISTÓRICO,
SP,354390,RIO CLARO,2071940,UBS DR NICOLINO MAZZIOTTI,,,,,,,,,56.0,SP,2011,0 a 18 anos,,,1.0,1.7857142857142856,51.0,91.07142857142856,0.0,0.0,4.0,7.142857142857142,0.0,0.0,2071940,-22.385,-47.558,9,1,4,12,73,58,0,1.7063492063492063,1.6666666666666665,0.039682539682539764,DADO HISTÓRICO,
SP,354390,RIO CLARO,2071940,UBS DR NICOLINO MAZZIOTTI,,,,,,,,,6.0,SP,2012,0 a 18 anos,,,0.0,0.0,5.0,83.33333333333334,1.0,16.666666666666664,0.0,0.0,0.0,0.0,2071940,-22.385,-47.558,9,1,4,12,73,58,0,1.7063492063492063,1.7063492063492063,0.0,DADO HISTÓRICO,
SP,354390,RIO CLARO,2071940,UBS DR NICOLINO MAZZIOTTI,,,,,,,,,80.0,SP,2013,0 a 18 anos,,,1.0,1.25,69.0,86.25,0.0,0.0,10.0,12.5,0.0,0.0,2071940,-22.385,-47.558,9,1,4,12,73,58,0,1.0119047619047619,1.7063492063492063,-0.6944444444444444,DADO HISTÓRICO,
SP,354390,RIO CLARO,2071940,UBS DR NICOLINO MAZZIOTTI,,,,,,,,,104.0,SP,2014,0 a 18 anos,,,5.0,4.807692307692308,82.0,78.84615384615384,1.0,0.9615384615384616,16.0,15.384615384615383,0.0,0.0,2071940,-22.385,-47.558,9,1,4,12,73,58,0,2.0192307692307696,1.0119047619047619,1.0073260073260077,DADO HISTÓRICO,
SP,354390,RIO CLARO,2071940,UBS DR NICOLINO MAZZIOTTI,,,,,,,,,95.0,SP,2015,0 a 18 anos,,,1.0,1.0526315789473684,88.0,92.63157894736842,0.0,0.0,6.0,6.315789473684211,0.0,0.0,2071940,-22.385,-47.558,9,1,4,12,73,58,0,2.3701079622132255,2.0192307692307696,0.3508771929824559,DADO HISTÓRICO,
SP,354390,RIO CLARO,2071940,UBS DR NICOLINO MAZZIOTTI,,,,,,,,,68.0,SP,2016,0 a 18 anos,,,2.0,2.941176470588235,56.0,82.35294117647058,0.0,0.0,10.0,14.705882352941178,0.0,0.0,2071940,-22.385,-47.558,9,1,4,12,73,58,0,2.933833452409304,2.3701079622132255,0.5637254901960786,DADO HISTÓRICO,
SP,354390,RIO CLARO,2071940,UBS DR NICOLINO MAZZIOTTI,,,,,,,,,79.0,SP,2017,0 a 18 anos,,,1.0,1.2658227848101269,62.0,78.48101265822784,3.0,3.79746835443038,13.0,16.455696202531644,1.0,1.2658227848101269,2071940,-22.385,-47.558,9,1,4,12,73,58,0,1.7532102781152437,2.933833452409304,-1.1806231742940605,DADO HISTÓRICO,
SP,354390,RIO CLARO,2071940,UBS DR NICOLINO MAZZIOTTI,,,,,,,,,24.0,SP,2018,0 a 18 anos,,,2.0,8.333333333333332,16.0,66.66666666666666,4.0,16.666666666666664,2.0,8.333333333333332,0.0,0.0,2071940,-22.385,-47.558,9,1,4,12,73,58,0,4.180110862910564,1.7532102781152437,2.4269005847953204,DADO HISTÓRICO,
SP,354390,RIO CLARO,2071940,UBS DR NICOLINO MAZZIOTTI,,,,,,,,,61.0,SP,2019,0 a 18 anos,,,1.0,1.639344262295082,50.0,81.9672131147541,3.0,4.918032786885246,7.0,11.475409836065571,0.0,0.0,2071940,-22.385,-47.558,9,1,4,12,73,58,0,3.7461667934795138,4.180110862910564,-0.43394406943105057,DADO HISTÓRICO,
SP,354390,RIO CLARO,2071940,UBS DR NICOLINO MAZZIOTTI JARDIM CERVEZAO,,,,,,,,,24.0,SP,2020,0 a 18 anos,,,2.0,8.333333333333332,17.0,70.83333333333334,2.0,8.333333333333332,3.0,12.5,0.0,0.0,2071940,-22.385,-47.558,9,1,4,12,73,58,0,6.102003642987249,3.7461667934795138,2.3558368495077353,DADO HISTÓRICO,
SP,354390,RIO CLARO,2071940,UBS DR NICOLINO MAZZIOTTI,,,,,,,,,75.0,SP,2021,0 a 18 anos,,,1.0,1.3333333333333337,51.0,68.0,13.0,17.333333333333336,10.0,13.333333333333334,1.0,1.3333333333333337,2071940,-22.385,-47.558,9,1,4,12,73,58,0,3.7686703096539165,6.102003642987249,-2.3333333333333326,DADO HISTÓRICO,
SP,354390,RIO CLARO,2071940,UBS DR NICOLINO MAZZIOTTI JARDIM CERVEZAO,,,,,,,,,1096.0,SP,2022,0 a 18 anos,,,26.0,2.3722627737226274,910.0,83.02919708029196,26.0,2.3722627737226274,134.0,12.226277372262777,12.0,1.094890510948905,2071940,-22.385,-47.558,9,1,4,12,73,58,0,4.012976480129765,3.7686703096539165,0.2443061704758489,DADO HISTÓRICO,
SP,354390,RIO CLARO,2071940,UBS DR NICOLINO MAZZIOTTI JARDIM CERVEZAO,,,,,,,,,1417.0,SP,2023,0 a 18 anos,,,36.0,2.5405786873676783,1166.0,82.28652081863092,50.0,3.5285815102328866,165.0,11.644318983768526,13.0,0.9174311926605504,2071940,-22.385,-47.558,9,1,4,12,73,58,0,2.0820582648078805,4.012976480129765,-1.930918215321885,DADO HISTÓRICO,
SP,354390,RIO CLARO,2071940,UBS DR NICOLINO MAZZIOTTI JARDIM CERVEZAO,,,,,,,,,1335.0,SP,2024,0 a 18 anos,,,29.0,2.1722846441947565,1081.0,80.97378277153558,49.0,3.670411985018727,176.0,13.183520599250937,14.0,1.0486891385767791,2071940,-22.385,-47.558,9,1,4,12,73,58,0,2.361708701761688,2.0820582648078805,0.27965043695380754,DADO HISTÓRICO,
SP,354390,RIO CLARO,2071940,UBS DR NICOLINO MAZZIOTTI JARDIM CERVEZAO,,,,,,,,,879.0,SP,2025,0 a 18 anos,,,17.0,1.9340159271899888,692.0,78.72582480091013,43.0,4.891922639362913,127.0,14.448236632536974,13.0,1.4789533560864618,2071940,-22.385,-47.558,9,1,4,12,73,58,0,2.215626419584142,2.361708701761688,-0.14608228217754604,DADO HISTÓRICO,
SP,354390,RIO CLARO,2074494,UBS DR ANTONIO RAPHAEL,,,,,,,,,5.0,SP,2010,0 a 18 anos,,,0.0,0.0,5.0,100.0,0.0,0.0,0.0,0.0,0.0,0.0,2074494,-22.415,-47.561,7,0,12,10,66,74,0,2.272727272727273,4.545454545454546,-2.272727272727273,DADO HISTÓRICO,
SP,354390,RIO CLARO,2074494,UBS DR ANTONIO RAPHAEL MINERVINO SANTOMAURO,,,,,,,,,66.0,SP,2011,0 a 18 anos,,,2.0,3.0303030303030303,60.0,90.9090909090909,0.0,0.0,4.0,6.0606060606060606,0.0,0.0,2074494,-22.415,-47.561,7,0,12,10,66,74,0,2.5252525252525255,2.272727272727273,0.2525252525252526,DADO HISTÓRICO,
SP,354390,RIO CLARO,2074494,UBS DR ANTONIO RAPHAEL MINERVINO SANTOMAURO,,,,,,,,,33.0,SP,2012,0 a 18 anos,,,0.0,0.0,32.0,96.96969696969695,0.0,0.0,1.0,3.0303030303030303,0.0,0.0,2074494,-22.415,-47.561,7,0,12,10,66,74,0,1.0101010101010102,2.5252525252525255,-1.5151515151515154,DADO HISTÓRICO,
SP,354390,RIO CLARO,2074494,UBS DR ANTONIO RAPHAEL,,,,,,,,,120.0,SP,2013,0 a 18 anos,,,1.0,0.8333333333333334,99.0,82.5,0.0,0.0,20.0,16.666666666666664,0.0,0.0,2074494,-22.415,-47.561,7,0,12,10,66,74,0,1.2878787878787878,1.0101010101010102,0.2777777777777777,DADO HISTÓRICO,
SP,354390,RIO CLARO,2074494,UBS DR ANTONIO RAPHAEL,,,,,,,,,52.0,SP,2014,0 a 18 anos,,,1.0,1.9230769230769231,44.0,84.61538461538461,0.0,0.0,7.0,13.461538461538462,0.0,0.0,2074494,-22.415,-47.561,7,0,12,10,66,74,0,0.9188034188034188,1.2878787878787878,-0.3690753690753691,DADO HISTÓRICO,
SP,354390,RIO CLARO,2074494,UBS DR ANTONIO RAPHAEL,,,,,,,,,56.0,SP,2015,0 a 18 anos,,,3.0,5.357142857142857,48.0,85.71428571428571,0.0,0.0,5.0,8.928571428571429,0.0,0.0,2074494,-22.415,-47.561,7,0,12,10,66,74,0,2.7045177045177042,0.9188034188034188,1.7857142857142856,DADO HISTÓRICO,
SP,354390,RIO CLARO,2074494,UBS DR ANTONIO RAPHAEL,,,,,,,,,20.0,SP,2016,0 a 18 anos,,,0.0,0.0,19.0,95.0,0.0,0.0,1.0,5.0,0.0,0.0,2074494,-22.415,-47.561,7,0,12,10,66,74,0,2.4267399267399266,2.7045177045177042,-0.2777777777777777,DADO HISTÓRICO,
SP,354390,RIO CLARO,2074494,UBS DR ANTONIO RAPHAEL,,,,,,,,,158.0,SP,2017,0 a 18 anos,,,4.0,2.5316455696202533,125.0,79.11392405063292,15.0,9.49367088607595,14.0,8.860759493670885,3.0,1.89873417721519,2074494,-22.415,-47.561,7,0,12,10,66,74,0,2.62959614225437,2.4267399267399266,0.20285621551444333,DADO HISTÓRICO,
SP,354390,RIO CLARO,2074494,UBS DR ANTONIO RAPHAEL,,,,,,,,,5.0,SP,2018,0 a 18 anos,,,0.0,0.0,4.0,80.0,1.0,20.0,0.0,0.0,0.0,0.0,2074494,-22.415,-47.561,7,0,12,10,66,74,0,0.8438818565400844,2.62959614225437,-1.7857142857142856,DADO HISTÓRICO,
SP,354390,RIO CLARO,2074494,UBS DR ANTONIO RAPHAEL,,,,,,,,,30.0,SP,2019,0 a 18 anos,,,1.0,3.333333333333333,29.0,96.66666666666669,0.0,0.0,0.0,0.0,0.0,0.0,2074494,-22.415,-47.561,7,0,12,10,66,74,0,1.9549929676511955,0.8438818565400844,1.1111111111111112,DADO HISTÓRICO,
SP,354390,RIO CLARO,2074494,UBS DR ANTONIO RAPHAEL,,,,,,,,,70.0,SP,2020,0 a 18 anos,,,2.0,2.857142857142857,48.0,68.57142857142857,8.0,11.428571428571429,12.0,17.142857142857142,3.0,4.285714285714286,2074494,-22.415,-47.561,7,0,12,10,66,74,0,2.0634920634920633,1.9549929676511955,0.10849909584086781,DADO HISTÓRICO,
SP,354390,RIO CLARO,2074494,UBS DR ANTONIO RAPHAEL,,,,,,,,,214.0,SP,2021,0 a 18 anos,,,4.0,1.8691588785046729,136.0,63.55140186915887,33.0,15.42056074766355,41.0,19.15887850467289,7.0,3.2710280373831773,2074494,-22.415,-47.561,7,0,12,10,66,74,0,2.6865450229936214,2.0634920634920633,0.6230529595015581,DADO HISTÓRICO,
SP,354390,RIO CLARO,2074494,UBS DR ANTONIO RAPHAEL MINERVINO SANTOMAURO,,,,,,,,,330.0,SP,2022,0 a 18 anos,,,8.0,2.4242424242424243,235.0,71.21212121212122,29.0,8.787878787878787,58.0,17.575757575757574,6.0,1.818181818181818,2074494,-22.415,-47.561,7,0,12,10,66,74,0,2.383514719963318,2.6865450229936214,-0.3030303030303032,DADO HISTÓRICO,
SP,354390,RIO CLARO,2074494,UBS DR ANTONIO RAPHAEL MINERVINO SANTOMAURO,,,,,,,,,494.0,SP,2023,0 a 18 anos,,,22.0,4.453441295546559,384.0,77.7327935222672,37.0,7.489878542510121,51.0,10.323886639676113,8.0,1.6194331983805668,2074494,-22.415,-47.561,7,0,12,10,66,74,0,2.9156141994312192,2.383514719963318,0.532099479467901,DADO HISTÓRICO,
SP,354390,RIO CLARO,2074494,UBS DR ANTONIO RAPHAEL MINERVINO SANTOMAURO,,,,,,,,,548.0,SP,2024,0 a 18 anos,,,15.0,2.737226277372263,421.0,76.82481751824818,45.0,8.211678832116789,67.0,12.226277372262777,9.0,1.6423357664233578,2074494,-22.415,-47.561,7,0,12,10,66,74,0,3.204969999053749,2.9156141994312192,0.28935579962252955,DADO HISTÓRICO,
SP,354390,RIO CLARO,2074494,UBS DR ANTONIO RAPHAEL MINERVINO SANTOMAURO,,,,,,,,,886.0,SP,2025,0 a 18 anos,,,23.0,2.595936794582393,694.0,78.3295711060948,57.0,6.433408577878104,112.0,12.641083521444695,9.0,1.015801354401806,2074494,-22.415,-47.561,7,0,12,10,66,74,0,3.2622014558337384,3.204969999053749,0.05723145677998964,DADO HISTÓRICO,
SP,354390,RIO CLARO,2085097,UBS PSF PQUE MAE PRETA,,,,,,,,,3.0,SP,2010,0 a 18 anos,,,0.0,0.0,2.0,66.66666666666666,1.0,33.33333333333333,0.0,0.0,0.0,0.0,2085097,-22.38,-47.545,8,1,5,9,37,46,0,25.0,50.0,-25.0,DADO HISTÓRICO,
SP,354390,RIO CLARO,2085097,UBS PSF PQUE MAE PRETA,,,,,,,,,25.0,SP,2011,0 a 18 anos,,,2.0,8.0,21.0,84.0,0.0,0.0,2.0,8.0,0.0,0.0,2085097,-22.38,-47.545,8,1,5,9,37,46,0,19.333333333333332,25.0,-5.666666666666668,DADO HISTÓRICO,
SP,354390,RIO CLARO,2085097,UBS PSF PQUE MAE PRETA,,,,,,,,,37.0,SP,2012,0 a 18 anos,,,2.0,5.405405405405405,32.0,86.48648648648648,0.0,0.0,3.0,8.108108108108109,0.0,0.0,2085097,-22.38,-47.545,8,1,5,9,37,46,0,4.468468468468468,19.333333333333332,-14.864864864864863,DADO HISTÓRICO,
SP,354390,RIO CLARO,2085097,UBS PSF PQUE MAE PRETA,,,,,,,,,42.0,SP,2013,0 a 18 anos,,,3.0,7.142857142857142,32.0,76.19047619047619,0.0,0.0,7.0,16.666666666666664,0.0,0.0,2085097,-22.38,-47.545,8,1,5,9,37,46,0,6.8494208494208495,4.468468468468468,2.3809523809523814,DADO HISTÓRICO,
SP,354390,RIO CLARO,2085097,UBS PSF PQUE MAE PRETA,,,,,,,,,40.0,SP,2014,0 a 18 anos,,,1.0,2.5,36.0,90.0,0.0,0.0,3.0,7.5,0.0,0.0,2085097,-22.38,-47.545,8,1,5,9,37,46,0,5.016087516087516,6.8494208494208495,-1.833333333333334,DADO HISTÓRICO,
SP,354390,RIO CLARO,2085097,UBS PSF PQUE MAE PRETA,,,,,,,,,53.0,SP,2015,0 a 18 anos,,,7.0,13.20754716981132,40.0,75.47169811320755,0.0,0.0,6.0,11.320754716981131,0.0,0.0,2085097,-22.38,-47.545,8,1,5,9,37,46,0,7.616801437556155,5.016087516087516,2.600713921468639,DADO HISTÓRICO,
SP,354390,RIO CLARO,2085097,UBS PSF PQUE MAE PRETA,,,,,,,,,50.0,SP,2016,0 a 18 anos,,,4.0,8.0,42.0,84.0,0.0,0.0,4.0,8.0,0.0,0.0,2085097,-22.38,-47.545,8,1,5,9,37,46,0,7.90251572327044,7.616801437556155,0.2857142857142856,DADO HISTÓRICO,
SP,354390,RIO CLARO,2085097,UBS PSF PQUE MAE PRETA,,,,,,,,,21.0,SP,2017,0 a 18 anos,,,3.0,14.285714285714285,17.0,80.95238095238095,0.0,0.0,1.0,4.761904761904762,0.0,0.0,2085097,-22.38,-47.545,8,1,5,9,37,46,0,11.831087151841869,7.90251572327044,3.928571428571429,DADO HISTÓRICO,
SP,354390,RIO CLARO,2085097,UBS PSF PQUE MAE PRETA,,,,,,,,,70.0,SP,2018,0 a 18 anos,,,4.0,5.714285714285714,49.0,70.0,6.0,8.571428571428571,11.0,15.714285714285714,1.0,1.4285714285714286,2085097,-22.38,-47.545,8,1,5,9,37,46,0,9.333333333333334,11.831087151841869,-2.497753818508535,DADO HISTÓRICO,
SP,354390,RIO CLARO,2085097,UBS PSF PQUE MAE PRETA,,,,,,,,,25.0,SP,2019,0 a 18 anos,,,1.0,4.0,21.0,84.0,2.0,8.0,1.0,4.0,0.0,0.0,2085097,-22.38,-47.545,8,1,5,9,37,46,0,8.0,9.333333333333334,-1.333333333333334,DADO HISTÓRICO,
SP,354390,RIO CLARO,2085097,UBS PSF PQUE MAE PRETA,,,,,,,,,35.0,SP,2020,0 a 18 anos,,,1.0,2.857142857142857,22.0,62.85714285714285,8.0,22.857142857142858,4.0,11.428571428571429,1.0,2.857142857142857,2085097,-22.38,-47.545,8,1,5,9,37,46,0,4.190476190476191,8.0,-3.8095238095238093,DADO HISTÓRICO,
SP,354390,RIO CLARO,2085097,UBS PSF PQUE MAE PRETA,,,,,,,,,164.0,SP,2021,0 a 18 anos,,,6.0,3.658536585365853,106.0,64.63414634146342,19.0,11.585365853658535,33.0,20.1219512195122,7.0,4.2682926829268295,2085097,-22.38,-47.545,8,1,5,9,37,46,0,3.5052264808362366,4.190476190476191,-0.6852497096399541,DADO HISTÓRICO,
SP,354390,RIO CLARO,2085097,UBS PSF PQUE MAE PRETA DR EDUARDO REIS,,,,,,,,,524.0,SP,2022,0 a 18 anos,,,8.0,1.5267175572519085,394.0,75.19083969465649,38.0,7.251908396946565,84.0,16.030534351145036,9.0,1.717557251908397,2085097,-22.38,-47.545,8,1,5,9,37,46,0,2.6807989999202064,3.5052264808362366,-0.8244274809160301,DADO HISTÓRICO,
SP,354390,RIO CLARO,2085097,UBS PSF PQUE MAE PRETA DR EDUARDO REIS,,,,,,,,,858.0,SP,2023,0 a 18 anos,,,12.0,1.3986013986013983,650.0,75.75757575757575,79.0,9.207459207459207,117.0,13.636363636363637,12.0,1.3986013986013983,2085097,-22.38,-47.545,8,1,5,9,37,46,0,2.19461851373972,2.6807989999202064,-0.4861804861804866,DADO HISTÓRICO,
SP,354390,RIO CLARO,2085097,UBS PSF PQUE MAE PRETA DR EDUARDO REIS,,,,,,,,,863.0,SP,2024,0 a 18 anos,,,17.0,1.969872537659328,642.0,74.39165701042873,83.0,9.617612977983775,121.0,14.020857473928158,21.0,2.4333719582850524,2085097,-22.38,-47.545,8,1,5,9,37,46,0,1.6317304978375449,2.19461851373972,-0.562888015902175,DADO HISTÓRICO,
SP,354390,RIO CLARO,2085097,UBS PSF PQUE MAE PRETA DR EDUARDO REIS,,,,,,,,,677.0,SP,2025,0 a 18 anos,,,10.0,1.4771048744460855,506.0,74.74150664697193,59.0,8.714918759231907,102.0,15.066469719350073,16.0,2.363367799113737,2085097,-22.38,-47.545,8,1,5,9,37,46,0,1.6151929369022706,1.6317304978375449,-0.016537560935274254,DADO HISTÓRICO,
SP,354390,RIO CLARO,3347087,UBS PSF DR DIRCEU F. PENTEADO,,,,,,,,,117.0,SP,2010,0 a 18 anos,,,4.0,3.418803418803419,106.0,90.5982905982906,0.0,0.0,7.0,5.982905982905983,0.0,0.0,3347087,-22.435,-47.55,0,0,0,0,12,9,0,1.7094017094017095,0.0,1.7094017094017095,DADO HISTÓRICO,
SP,354390,RIO CLARO,3347087,UBS PSF DR DIRCEU F. PENTEADO,,,,,,,,,92.0,SP,2011,0 a 18 anos,,,2.0,2.1739130434782608,85.0,92.3913043478261,0.0,0.0,5.0,5.434782608695652,0.0,0.0,3347087,-22.435,-47.55,0,0,0,0,12,9,0,1.86423882076056,1.7094017094017095,0.15483711135885048,DADO HISTÓRICO,
SP,354390,RIO CLARO,3347087,UBS PSF DR DIRCEU F. PENTEADO,,,,,,,,,72.0,SP,2012,0 a 18 anos,,,2.0,2.7777777777777777,62.0,86.11111111111111,1.0,1.3888888888888888,7.0,9.722222222222223,0.0,0.0,3347087,-22.435,-47.55,0,0,0,0,12,9,0,2.790164746686486,1.86423882076056,0.9259259259259258,DADO HISTÓRICO,
SP,354390,RIO CLARO,3347087,UBS PSF DR DIRCEU F. PENTEADO,,,,,,,,,45.0,SP,2013,0 a 18 anos,,,2.0,4.444444444444445,40.0,88.88888888888889,0.0,0.0,3.0,6.666666666666667,0.0,0.0,3347087,-22.435,-47.55,0,0,0,0,12,9,0,3.132045088566828,2.790164746686486,0.341880341880342,DADO HISTÓRICO,
SP,354390,RIO CLARO,3347087,UBS PSF DR DIRCEU F. PENTEADO,,,,,,,,,55.0,SP,2014,0 a 18 anos,,,0.0,0.0,48.0,87.27272727272727,0.0,0.0,7.0,12.727272727272728,0.0,0.0,3347087,-22.435,-47.55,0,0,0,0,12,9,0,2.4074074074074074,3.132045088566828,-0.7246376811594204,DADO HISTÓRICO,
SP,354390,RIO CLARO,3347087,UBS PSF DR DIRCEU F. PENTEADO,,,,,,,,,40.0,SP,2015,0 a 18 anos,,,2.0,5.0,33.0,82.5,0.0,0.0,5.0,12.5,0.0,0.0,3347087,-22.435,-47.55,0,0,0,0,12,9,0,3.1481481481481484,2.4074074074074074,0.7407407407407409,DADO HISTÓRICO,
SP,354390,RIO CLARO,3347087,UBS PSF DR DIRCEU F. PENTEADO,,,,,,,,,6.0,SP,2016,0 a 18 anos,,,0.0,0.0,5.0,83.33333333333334,0.0,0.0,1.0,16.666666666666664,0.0,0.0,3347087,-22.435,-47.55,0,0,0,0,12,9,0,1.6666666666666667,3.1481481481481484,-1.4814814814814816,DADO HISTÓRICO,
SP,354390,RIO CLARO,3347087,UBS PSF DR DIRCEU F. PENTEADO,,,,,,,,,79.0,SP,2017,0 a 18 anos,,,1.0,1.2658227848101269,59.0,74.68354430379746,11.0,13.924050632911392,8.0,10.126582278481012,1.0,1.2658227848101269,3347087,-22.435,-47.55,0,0,0,0,12,9,0,2.088607594936709,1.6666666666666667,0.42194092827004215,DADO HISTÓRICO,
SP,354390,RIO CLARO,3347087,UBS PSF DR DIRCEU F. PENTEADO,,,,,,,,,81.0,SP,2018,0 a 18 anos,,,2.0,2.469135802469136,66.0,81.48148148148148,6.0,7.4074074074074066,7.0,8.641975308641975,0.0,0.0,3347087,-22.435,-47.55,0,0,0,0,12,9,0,1.2449861957597543,2.088607594936709,-0.8436213991769546,DADO HISTÓRICO,
SP,354390,RIO CLARO,3347087,UBS PSF DR DIRCEU F. PENTEADO,,,,,,,,,22.0,SP,2019,0 a 18 anos,,,1.0,4.545454545454546,18.0,81.81818181818183,0.0,0.0,3.0,13.636363636363637,1.0,4.545454545454546,3347087,-22.435,-47.55,0,0,0,0,12,9,0,2.7601377109112697,1.2449861957597543,1.5151515151515154,DADO HISTÓRICO,
SP,354390,RIO CLARO,3347087,UBS PSF DR DIRCEU F. PENTEADO,,,,,,,,,18.0,SP,2020,0 a 18 anos,,,0.0,0.0,14.0,77.77777777777779,0.0,0.0,4.0,22.22222222222222,1.0,5.555555555555555,3347087,-22.435,-47.55,0,0,0,0,12,9,0,2.3381967826412273,2.7601377109112697,-0.42194092827004237,DADO HISTÓRICO,
SP,354390,RIO CLARO,3347087,UBS PSF DR DIRCEU F. PENTEADO,,,,,,,,,85.0,SP,2021,0 a 18 anos,,,1.0,1.1764705882352942,51.0,60.0,15.0,17.647058823529413,18.0,21.176470588235293,1.0,1.1764705882352942,3347087,-22.435,-47.55,0,0,0,0,12,9,0,1.9073083778966133,2.3381967826412273,-0.430888404744614,DADO HISTÓRICO,
SP,354390,RIO CLARO,3347087,UBS PSF DR DIRCEU FERREIRA PENTEADO,,,,,,,,,485.0,SP,2022,0 a 18 anos,,,14.0,2.88659793814433,363.0,74.84536082474227,36.0,7.422680412371134,72.0,14.845360824742269,11.0,2.268041237113402,3347087,-22.435,-47.55,0,0,0,0,12,9,0,1.3543561754598745,1.9073083778966133,-0.5529522024367388,DADO HISTÓRICO,
SP,354390,RIO CLARO,3347087,UBS PSF DR DIRCEU FERREIRA PENTEADO,,,,,,,,,592.0,SP,2023,0 a 18 anos,,,16.0,2.702702702702702,462.0,78.04054054054053,44.0,7.432432432432432,70.0,11.824324324324325,7.0,1.1824324324324325,3347087,-22.435,-47.55,0,0,0,0,12,9,0,2.2552570763607753,1.3543561754598745,0.9009009009009008,DADO HISTÓRICO,
SP,354390,RIO CLARO,3347087,UBS PSF DR DIRCEU FERREIRA PENTEADO,,,,,,,,,627.0,SP,2024,0 a 18 anos,,,22.0,3.508771929824561,480.0,76.55502392344498,45.0,7.177033492822966,80.0,12.759170653907494,8.0,1.2759170653907497,3347087,-22.435,-47.55,0,0,0,0,12,9,0,3.032690856890531,2.2552570763607753,0.7774337805297558,DADO HISTÓRICO,
SP,354390,RIO CLARO,3347087,UBS PSF DR DIRCEU FERREIRA PENTEADO,,,,,,,,,656.0,SP,2025,0 a 18 anos,,,20.0,3.048780487804878,489.0,74.54268292682927,53.0,8.079268292682928,94.0,14.329268292682926,10.0,1.524390243902439,3347087,-22.435,-47.55,0,0,0,0,12,9,0,3.0867517067773806,3.032690856890531,0.05406084988684956,DADO HISTÓRICO,
SP,354390,RIO CLARO,3355519,UBS PSF DR NORBERTO ANTONIO,,,,,,,,,15.0,SP,2010,0 a 18 anos,,,0.0,0.0,14.0,93.33333333333331,0.0,0.0,1.0,6.666666666666667,0.0,0.0,3355519,-22.42,-47.53,0,0,0,0,0,0,0,0.0,0.0,0.0,DADO HISTÓRICO,
SP,354390,RIO CLARO,3355519,UBS PSF DR NORBERTO ANTONIO SIMAO CARNEIRO,,,,,,,,,35.0,SP,2011,0 a 18 anos,,,0.0,0.0,34.0,97.14285714285714,0.0,0.0,1.0,2.857142857142857,0.0,0.0,3355519,-22.42,-47.53,0,0,0,0,0,0,0,0.0,0.0,0.0,DADO HISTÓRICO,
SP,354390,RIO CLARO,3355519,UBS PSF DR NORBERTO ANTONIO,,,,,,,,,17.0,SP,2012,0 a 18 anos,,,0.0,0.0,17.0,100.0,0.0,0.0,0.0,0.0,0.0,0.0,3355519,-22.42,-47.53,0,0,0,0,0,0,0,0.0,0.0,0.0,DADO HISTÓRICO,
SP,354390,RIO CLARO,3355519,UBS PSF DR NORBERTO ANTONIO,,,,,,,,,3.0,SP,2013,0 a 18 anos,,,0.0,0.0,3.0,100.0,0.0,0.0,0.0,0.0,0.0,0.0,3355519,-22.42,-47.53,0,0,0,0,0,0,0,0.0,0.0,0.0,DADO HISTÓRICO,
SP,354390,RIO CLARO,3355519,UBS PSF DR NORBERTO ANTONIO,,,,,,,,,28.0,SP,2014,0 a 18 anos,,,4.0,14.285714285714285,21.0,75.0,0.0,0.0,3.0,10.714285714285714,0.0,0.0,3355519,-22.42,-47.53,0,0,0,0,0,0,0,4.761904761904762,0.0,4.761904761904762,DADO HISTÓRICO,
SP,354390,RIO CLARO,3355519,UBS PSF DR NORBERTO ANTONIO,,,,,,,,,25.0,SP,2015,0 a 18 anos,,,0.0,0.0,24.0,96.0,0.0,0.0,1.0,4.0,0.0,0.0,3355519,-22.42,-47.53,0,0,0,0,0,0,0,4.761904761904762,4.761904761904762,0.0,DADO HISTÓRICO,
SP,354390,RIO CLARO,3355519,UBS PSF DR NORBERTO ANTONIO SIMAO CARNEIRO,,,,,,,,,60.0,SP,2016,0 a 18 anos,,,1.0,1.6666666666666667,54.0,90.0,0.0,0.0,5.0,8.333333333333332,0.0,0.0,3355519,-22.42,-47.53,0,0,0,0,0,0,0,5.317460317460317,4.761904761904762,0.5555555555555554,DADO HISTÓRICO,
SP,354390,RIO CLARO,3355519,UBS PSF DR NORBERTO ANTONIO SIMAO CARNEIRO,,,,,,,,,72.0,SP,2017,0 a 18 anos,,,3.0,4.166666666666666,54.0,75.0,10.0,13.88888888888889,5.0,6.944444444444445,0.0,0.0,3355519,-22.42,-47.53,0,0,0,0,0,0,0,1.9444444444444444,5.317460317460317,-3.3730158730158726,DADO HISTÓRICO,
SP,354390,RIO CLARO,3355519,UBS PSF DR NORBERTO ANTONIO,,,,,,,,,20.0,SP,2018,0 a 18 anos,,,1.0,5.0,11.0,55.00000000000001,3.0,15.0,5.0,25.0,2.0,10.0,3355519,-22.42,-47.53,0,0,0,0,0,0,0,3.6111111111111107,1.9444444444444444,1.6666666666666663,DADO HISTÓRICO,
SP,354390,RIO CLARO,3355519,UBS PSF DR NORBERTO ANTONIO,,,,,,,,,40.0,SP,2019,0 a 18 anos,,,1.0,2.5,32.0,80.0,1.0,2.5,6.0,15.0,1.0,2.5,3355519,-22.42,-47.53,0,0,0,0,0,0,0,3.8888888888888893,3.6111111111111107,0.27777777777777857,DADO HISTÓRICO,
SP,354390,RIO CLARO,3355519,UBS PSF DR NORBERTO ANTONIO,,,,,,,,,57.0,SP,2020,0 a 18 anos,,,0.0,0.0,47.0,82.45614035087719,4.0,7.017543859649122,6.0,10.526315789473683,1.0,1.7543859649122806,3355519,-22.42,-47.53,0,0,0,0,0,0,0,2.5,3.8888888888888893,-1.3888888888888893,DADO HISTÓRICO,
SP,354390,RIO CLARO,3355519,UBS PSF DR NORBERTO ANTONIO,,,,,,,,,93.0,SP,2021,0 a 18 anos,,,2.0,2.1505376344086025,63.0,67.74193548387096,12.0,12.903225806451612,16.0,17.20430107526882,0.0,0.0,3355519,-22.42,-47.53,0,0,0,0,0,0,0,1.550179211469534,2.5,-0.9498207885304659,DADO HISTÓRICO,
SP,354390,RIO CLARO,3355519,UBS PSF DR NORBERTO ANTONIO SIMAO CARNEIRO,,,,,,,,,223.0,SP,2022,0 a 18 anos,,,9.0,4.035874439461884,164.0,73.54260089686099,13.0,5.829596412556054,37.0,16.591928251121075,5.0,2.242152466367713,3355519,-22.42,-47.53,0,0,0,0,0,0,0,2.062137357956829,1.550179211469534,0.5119581464872949,DADO HISTÓRICO,
SP,354390,RIO CLARO,3355519,UBS PSF DR NORBERTO ANTONIO SIMAO CARNEIRO,,,,,,,,,289.0,SP,2023,0 a 18 anos,,,9.0,3.1141868512110724,222.0,76.8166089965398,22.0,7.612456747404845,36.0,12.45674740484429,1.0,0.3460207612456747,3355519,-22.42,-47.53,0,0,0,0,0,0,0,3.100199641693853,2.062137357956829,1.0380622837370241,DADO HISTÓRICO,
SP,354390,RIO CLARO,3355519,UBS PSF DR NORBERTO ANTONIO SIMAO CARNEIRO,,,,,,,,,379.0,SP,2024,0 a 18 anos,,,10.0,2.638522427440633,298.0,78.62796833773086,34.0,8.970976253298153,37.0,9.762532981530343,3.0,0.79155672823219,3355519,-22.42,-47.53,0,0,0,0,0,0,0,3.262861239371197,3.100199641693853,0.162661597677344,DADO HISTÓRICO,
SP,354390,RIO CLARO,3355519,UBS PSF DR NORBERTO ANTONIO SIMAO CARNEIRO,,,,,,,,,464.0,SP,2025,0 a 18 anos,,,9.0,1.9396551724137927,368.0,79.3103448275862,29.0,6.25,58.0,12.5,4.0,0.8620689655172413,3355519,-22.42,-47.53,0,0,0,0,0,0,0,2.5641214836884996,3.262861239371197,-0.6987397556826975,DADO HISTÓRICO,
SP,354390,RIO CLARO,5733022,UBS PSF DR CELESTINO DONATO,,,,,,,,,53.0,SP,2010,0 a 18 anos,,,1.0,1.8867924528301887,50.0,94.33962264150944,0.0,0.0,2.0,3.7735849056603774,0.0,0.0,5733022,-22.41,-47.54,1,0,0,0,13,1,0,3.49441663457836,5.1020408163265305,-1.6076241817481707,DADO HISTÓRICO,
SP,354390,RIO CLARO,5733022,UBS PSF DR CELESTINO DONATO,,,,,,,,,56.0,SP,2011,0 a 18 anos,,,3.0,5.357142857142857,50.0,89.28571428571429,0.0,0.0,3.0,5.357142857142857,0.0,0.0,5733022,-22.41,-47.54,1,0,0,0,13,1,0,4.1153253754331915,3.49441663457836,0.6209087408548317,DADO HISTÓRICO,
SP,354390,RIO CLARO,5733022,UBS PSF DR CELESTINO DONATO,,,,,,,,,41.0,SP,2012,0 a 18 anos,,,2.0,4.878048780487805,37.0,90.2439024390244,0.0,0.0,2.0,4.878048780487805,0.0,0.0,5733022,-22.41,-47.54,1,0,0,0,13,1,0,4.04066136348695,4.1153253754331915,-0.07466401194624162,DADO HISTÓRICO,
SP,354390,RIO CLARO,5733022,UBS PSF DR CELESTINO DONATO,,,,,,,,,49.0,SP,2013,0 a 18 anos,,,3.0,6.122448979591836,40.0,81.63265306122449,0.0,0.0,6.0,12.244897959183673,0.0,0.0,5733022,-22.41,-47.54,1,0,0,0,13,1,0,5.452546872407499,4.04066136348695,1.411885508920549,DADO HISTÓRICO,
SP,354390,RIO CLARO,5733022,UBS PSF DR CELESTINO DONATO,,,,,,,,,50.0,SP,2014,0 a 18 anos,,,4.0,8.0,38.0,76.0,0.0,0.0,8.0,16.0,0.0,0.0,5733022,-22.41,-47.54,1,0,0,0,13,1,0,6.3334992533598795,5.452546872407499,0.8809523809523805,DADO HISTÓRICO,
SP,354390,RIO CLARO,5733022,UBS PSF DR CELESTINO DONATO,,,,,,,,,2.0,SP,2015,0 a 18 anos,,,0.0,0.0,2.0,100.0,0.0,0.0,0.0,0.0,0.0,0.0,5733022,-22.41,-47.54,1,0,0,0,13,1,0,4.707482993197279,6.3334992533598795,-1.6260162601626007,DADO HISTÓRICO,
SP,354390,RIO CLARO,5733022,UBS PSF DR CELESTINO DONATO,,,,,,,,,63.0,SP,2016,0 a 18 anos,,,1.0,1.5873015873015872,55.0,87.3015873015873,0.0,0.0,7.0,11.11111111111111,0.0,0.0,5733022,-22.41,-47.54,1,0,0,0,13,1,0,3.195767195767196,4.707482993197279,-1.511715797430083,DADO HISTÓRICO,
SP,354390,RIO CLARO,5733022,UBS PSF DR CELESTINO DONATO,,,,,,,,,48.0,SP,2017,0 a 18 anos,,,3.0,6.25,30.0,62.5,10.0,20.833333333333336,5.0,10.416666666666668,1.0,2.083333333333333,5733022,-22.41,-47.54,1,0,0,0,13,1,0,2.6124338624338623,3.195767195767196,-0.5833333333333335,DADO HISTÓRICO,
SP,354390,RIO CLARO,5733022,UBS PSF DR CELESTINO DONATO,,,,,,,,,36.0,SP,2018,0 a 18 anos,,,0.0,0.0,25.0,69.44444444444444,5.0,13.88888888888889,6.0,16.666666666666664,2.0,5.555555555555555,5733022,-22.41,-47.54,1,0,0,0,13,1,0,2.6124338624338623,2.6124338624338623,0.0,DADO HISTÓRICO,
SP,354390,RIO CLARO,5733022,UBS PSF DR CELESTINO DONATO,,,,,,,,,37.0,SP,2019,0 a 18 anos,,,2.0,5.405405405405405,27.0,72.97297297297297,3.0,8.108108108108109,5.0,13.513513513513514,1.0,2.702702702702702,5733022,-22.41,-47.54,1,0,0,0,13,1,0,3.885135135135135,2.6124338624338623,1.2727012727012728,DADO HISTÓRICO,
SP,354390,RIO CLARO,5733022,UBS PSF DR CELESTINO DONATO,,,,,,,,,40.0,SP,2020,0 a 18 anos,,,1.0,2.5,26.0,65.0,4.0,10.0,9.0,22.5,1.0,2.5,5733022,-22.41,-47.54,1,0,0,0,13,1,0,2.635135135135135,3.885135135135135,-1.25,DADO HISTÓRICO,
SP,354390,RIO CLARO,5733022,UBS PSF DR CELESTINO DONATO,,,,,,,,,145.0,SP,2021,0 a 18 anos,,,9.0,6.206896551724138,103.0,71.03448275862068,11.0,7.586206896551724,22.0,15.172413793103448,2.0,1.3793103448275863,5733022,-22.41,-47.54,1,0,0,0,13,1,0,4.704100652376514,2.635135135135135,2.068965517241379,DADO HISTÓRICO,
SP,354390,RIO CLARO,5733022,UBS PSF DR CELESTINO DONATO,,,,,,,,,204.0,SP,2022,0 a 18 anos,,,13.0,6.372549019607843,154.0,75.49019607843137,13.0,6.372549019607843,24.0,11.76470588235294,4.0,1.96078431372549,5733022,-22.41,-47.54,1,0,0,0,13,1,0,5.02648185711066,4.704100652376514,0.3223812047341461,DADO HISTÓRICO,
SP,354390,RIO CLARO,5733022,UBS PSF DR CELESTINO DONATO,,,,,,,,,252.0,SP,2023,0 a 18 anos,,,4.0,1.5873015873015872,200.0,79.36507936507937,11.0,4.365079365079365,37.0,14.682539682539684,4.0,1.5873015873015872,5733022,-22.41,-47.54,1,0,0,0,13,1,0,4.722249052877856,5.02648185711066,-0.30423280423280463,DADO HISTÓRICO,
SP,354390,RIO CLARO,5733022,UBS PSF DR CELESTINO DONATO,,,,,,,,,231.0,SP,2024,0 a 18 anos,,,4.0,1.7316017316017316,196.0,84.84848484848484,8.0,3.463203463203463,23.0,9.956709956709958,2.0,0.8658008658008658,5733022,-22.41,-47.54,1,0,0,0,13,1,0,3.230484112837054,4.722249052877856,-1.4917649400408015,DADO HISTÓRICO,
SP,354390,RIO CLARO,5733022,UBS PSF DR CELESTINO DONATO,,,,,,,,,222.0,SP,2025,0 a 18 anos,,,5.0,2.2522522522522523,185.0,83.33333333333334,15.0,6.756756756756757,17.0,7.657657657657657,1.0,0.4504504504504504,5733022,-22.41,-47.54,1,0,0,0,13,1,0,1.857051857051857,3.230484112837054,-1.373432255785197,DADO HISTÓRICO,
SP,354390,RIO CLARO,5870755,UBS PSF DR MOACIR CAMARGO,,,,,,,,,27.0,SP,2010,0 a 18 anos,,,0.0,0.0,26.0,96.29629629629628,0.0,0.0,1.0,3.7037037037037033,0.0,0.0,5870755,-22.405,-47.55,1,0,3,0,40,34,0,3.225806451612903,6.451612903225806,-3.225806451612903,DADO HISTÓRICO,
SP,354390,RIO CLARO,5870755,UBS PSF DR MOACIR CAMARGO,,,,,,,,,37.0,SP,2011,0 a 18 anos,,,2.0,5.405405405405405,33.0,89.1891891891892,0.0,0.0,2.0,5.405405405405405,0.0,0.0,5870755,-22.405,-47.55,1,0,3,0,40,34,0,3.9523394362104036,3.225806451612903,0.7265329845975006,DADO HISTÓRICO,
SP,354390,RIO CLARO,5870755,UBS PSF DR MOACIR CAMARGO,,,,,,,,,52.0,SP,2012,0 a 18 anos,,,1.0,1.9230769230769231,44.0,84.61538461538461,0.0,0.0,7.0,13.461538461538462,0.0,0.0,5870755,-22.405,-47.55,1,0,3,0,40,34,0,2.442827442827443,3.9523394362104036,-1.5095119933829606,DADO HISTÓRICO,
SP,354390,RIO CLARO,5870755,UBS PSF DR MOACIR CAMARGO,,,,,,,,,116.0,SP,2013,0 a 18 anos,,,2.0,1.7241379310344829,100.0,86.20689655172413,0.0,0.0,14.0,12.06896551724138,0.0,0.0,5870755,-22.405,-47.55,1,0,3,0,40,34,0,3.0175400865056035,2.442827442827443,0.5747126436781604,DADO HISTÓRICO,
SP,354390,RIO CLARO,5870755,UBS PSF DR MOACIR CAMARGO,,,,,,,,,47.0,SP,2014,0 a 18 anos,,,1.0,2.127659574468085,43.0,91.48936170212764,0.0,0.0,3.0,6.382978723404255,0.0,0.0,5870755,-22.405,-47.55,1,0,3,0,40,34,0,1.9249581428598301,3.0175400865056035,-1.0925819436457733,DADO HISTÓRICO,
SP,354390,RIO CLARO,5870755,UBS PSF DR MOACIR CAMARGO,,,,,,,,,68.0,SP,2015,0 a 18 anos,,,2.0,2.941176470588235,59.0,86.76470588235294,1.0,1.4705882352941175,6.0,8.823529411764707,0.0,0.0,5870755,-22.405,-47.55,1,0,3,0,40,34,0,2.264324658696934,1.9249581428598301,0.339366515837104,DADO HISTÓRICO,
SP,354390,RIO CLARO,5870755,UBS PSF DR MOACIR CAMARGO,,,,,,,,,6.0,SP,2016,0 a 18 anos,,,0.0,0.0,5.0,83.33333333333334,0.0,0.0,1.0,16.666666666666664,0.0,0.0,5870755,-22.405,-47.55,1,0,3,0,40,34,0,1.6896120150187734,2.264324658696934,-0.5747126436781607,DADO HISTÓRICO,
SP,354390,RIO CLARO,5870755,UBS PSF DR MOACIR CAMARGO,,,,,,,,,75.0,SP,2017,0 a 18 anos,,,1.0,1.3333333333333337,57.0,76.0,9.0,12.0,8.0,10.666666666666668,1.0,1.3333333333333337,5870755,-22.405,-47.55,1,0,3,0,40,34,0,1.4248366013071896,1.6896120150187734,-0.26477541371158386,DADO HISTÓRICO,
SP,354390,RIO CLARO,5870755,UBS PSF DR MOACIR CAMARGO,,,,,,,,,48.0,SP,2018,0 a 18 anos,,,4.0,8.333333333333332,32.0,66.66666666666666,3.0,6.25,9.0,18.75,2.0,4.166666666666666,5870755,-22.405,-47.55,1,0,3,0,40,34,0,3.222222222222222,1.4248366013071896,1.7973856209150323,DADO HISTÓRICO,
SP,354390,RIO CLARO,5870755,UBS PSF DR MOACIR CAMARGO,,,,,,,,,29.0,SP,2019,0 a 18 anos,,,1.0,3.4482758620689653,20.0,68.96551724137932,2.0,6.896551724137931,6.0,20.689655172413797,0.0,0.0,5870755,-22.405,-47.55,1,0,3,0,40,34,0,4.371647509578544,3.222222222222222,1.1494252873563222,DADO HISTÓRICO,
SP,354390,RIO CLARO,5870755,UBS PSF DR MOACIR CAMARGO,,,,,,,,,26.0,SP,2020,0 a 18 anos,,,1.0,3.8461538461538463,14.0,53.84615384615385,3.0,11.538461538461538,8.0,30.76923076923077,1.0,3.8461538461538463,5870755,-22.405,-47.55,1,0,3,0,40,34,0,5.209254347185381,4.371647509578544,0.8376068376068373,DADO HISTÓRICO,
SP,354390,RIO CLARO,5870755,UBS PSF DR MOACIR CAMARGO,,,,,,,,,111.0,SP,2021,0 a 18 anos,,,2.0,1.8018018018018016,80.0,72.07207207207207,9.0,8.108108108108109,20.0,18.01801801801802,3.0,2.702702702702702,5870755,-22.405,-47.55,1,0,3,0,40,34,0,3.032077170008204,5.209254347185381,-2.1771771771771773,DADO HISTÓRICO,
SP,354390,RIO CLARO,5870755,UBS PSF DR MOACIR DE OLIVEIRA CAMARGO,,,,,,,,,244.0,SP,2022,0 a 18 anos,,,3.0,1.2295081967213115,193.0,79.09836065573771,16.0,6.557377049180328,32.0,13.114754098360656,3.0,1.2295081967213115,5870755,-22.405,-47.55,1,0,3,0,40,34,0,2.292487948225653,3.032077170008204,-0.739589221782551,DADO HISTÓRICO,
SP,354390,RIO CLARO,5870755,UBS PSF DR MOACIR DE OLIVEIRA CAMARGO,,,,,,,,,317.0,SP,2023,0 a 18 anos,,,7.0,2.2082018927444795,256.0,80.7570977917981,25.0,7.886435331230284,29.0,9.14826498422713,7.0,2.2082018927444795,5870755,-22.405,-47.55,1,0,3,0,40,34,0,1.7465039637558644,2.292487948225653,-0.5459839844697887,DADO HISTÓRICO,
SP,354390,RIO CLARO,5870755,UBS PSF DR MOACIR DE OLIVEIRA CAMARGO,,,,,,,,,375.0,SP,2024,0 a 18 anos,,,10.0,2.666666666666667,291.0,77.60000000000001,25.0,6.666666666666667,49.0,13.066666666666665,9.0,2.4,5870755,-22.405,-47.55,1,0,3,0,40,34,0,2.0347922520441526,1.7465039637558644,0.28828828828828823,DADO HISTÓRICO,
SP,354390,RIO CLARO,5870755,UBS PSF DR MOACIR DE OLIVEIRA CAMARGO,,,,,,,,,325.0,SP,2025,0 a 18 anos,,,10.0,3.076923076923077,246.0,75.6923076923077,21.0,6.461538461538462,48.0,14.76923076923077,4.0,1.2307692307692308,5870755,-22.405,-47.55,1,0,3,0,40,34,0,2.6505972121114083,2.0347922520441526,0.6158049600672557,DADO HISTÓRICO,
SP,354390,RIO CLARO,5981921,UBS PSF DR OSWALDO AKAMINE,,,,,,,,,22.0,SP,2010,0 a 18 anos,,,0.0,0.0,20.0,90.9090909090909,0.0,0.0,2.0,9.090909090909092,0.0,0.0,5981921,-22.39,-47.54,5,1,2,3,19,18,0,0.0,0.0,0.0,DADO HISTÓRICO,
SP,354390,RIO CLARO,5981921,UBS PSF DR OSWALDO AKAMINE,,,,,,,,,31.0,SP,2011,0 a 18 anos,,,2.0,6.451612903225806,26.0,83.87096774193549,0.0,0.0,3.0,9.67741935483871,0.0,0.0,5981921,-22.39,-47.54,5,1,2,3,19,18,0,2.150537634408602,0.0,2.150537634408602,DADO HISTÓRICO,
SP,354390,RIO CLARO,5981921,UBS PSF DR OSWALDO AKAMINE,,,,,,,,,25.0,SP,2012,0 a 18 anos,,,0.0,0.0,23.0,92.0,0.0,0.0,2.0,8.0,0.0,0.0,5981921,-22.39,-47.54,5,1,2,3,19,18,0,2.150537634408602,2.150537634408602,0.0,DADO HISTÓRICO,
SP,354390,RIO CLARO,5981921,UBS PSF DR OSWALDO AKAMINE,,,,,,,,,31.0,SP,2013,0 a 18 anos,,,2.0,6.451612903225806,27.0,87.09677419354838,0.0,0.0,2.0,6.451612903225806,0.0,0.0,5981921,-22.39,-47.54,5,1,2,3,19,18,0,4.301075268817204,2.150537634408602,2.150537634408602,DADO HISTÓRICO,
SP,354390,RIO CLARO,5981921,UBS PSF DR OSWALDO AKAMINE,,,,,,,,,31.0,SP,2014,0 a 18 anos,,,3.0,9.67741935483871,26.0,83.87096774193549,0.0,0.0,2.0,6.451612903225806,0.0,0.0,5981921,-22.39,-47.54,5,1,2,3,19,18,0,5.376344086021505,4.301075268817204,1.075268817204301,DADO HISTÓRICO,
SP,354390,RIO CLARO,5981921,UBS PSF DR OSWALDO AKAMINE,,,,,,,,,45.0,SP,2015,0 a 18 anos,,,4.0,8.88888888888889,40.0,88.88888888888889,0.0,0.0,1.0,2.2222222222222223,0.0,0.0,5981921,-22.39,-47.54,5,1,2,3,19,18,0,8.339307048984468,5.376344086021505,2.962962962962963,DADO HISTÓRICO,
SP,354390,RIO CLARO,5981921,UBS PSF DR OSWALDO AKAMINE,,,,,,,,,39.0,SP,2016,0 a 18 anos,,,0.0,0.0,36.0,92.3076923076923,0.0,0.0,3.0,7.6923076923076925,0.0,0.0,5981921,-22.39,-47.54,5,1,2,3,19,18,0,6.188769414575866,8.339307048984468,-2.150537634408602,DADO HISTÓRICO,
SP,354390,RIO CLARO,5981921,UBS PSF DR OSWALDO AKAMINE,,,,,,,,,54.0,SP,2017,0 a 18 anos,,,2.0,3.7037037037037033,44.0,81.48148148148148,3.0,5.555555555555555,5.0,9.25925925925926,1.0,1.851851851851852,5981921,-22.39,-47.54,5,1,2,3,19,18,0,4.197530864197531,6.188769414575866,-1.991238550378335,DADO HISTÓRICO,
SP,354390,RIO CLARO,5981921,UBS PSF DR OSWALDO AKAMINE,,,,,,,,,32.0,SP,2018,0 a 18 anos,,,0.0,0.0,27.0,84.375,1.0,3.125,4.0,12.5,1.0,3.125,5981921,-22.39,-47.54,5,1,2,3,19,18,0,1.2345679012345678,4.197530864197531,-2.962962962962963,DADO HISTÓRICO,
SP,354390,RIO CLARO,5981921,UBS PSF DR OSWALDO AKAMINE,,,,,,,,,32.0,SP,2019,0 a 18 anos,,,0.0,0.0,25.0,78.125,1.0,3.125,6.0,18.75,1.0,3.125,5981921,-22.39,-47.54,5,1,2,3,19,18,0,1.2345679012345678,1.2345679012345678,0.0,DADO HISTÓRICO,
SP,354390,RIO CLARO,5981921,UBS PSF DR OSWALDO AKAMINE,,,,,,,,,16.0,SP,2020,0 a 18 anos,,,2.0,12.5,12.0,75.0,0.0,0.0,2.0,12.5,1.0,6.25,5981921,-22.39,-47.54,5,1,2,3,19,18,0,4.166666666666667,1.2345679012345678,2.932098765432099,DADO HISTÓRICO,
SP,354390,RIO CLARO,5981921,UBS PSF DR OSWALDO AKAMINE,,,,,,,,,34.0,SP,2021,0 a 18 anos,,,0.0,0.0,21.0,61.76470588235294,5.0,14.705882352941178,8.0,23.52941176470588,2.0,5.88235294117647,5981921,-22.39,-47.54,5,1,2,3,19,18,0,4.166666666666667,4.166666666666667,0.0,DADO HISTÓRICO,
SP,354390,RIO CLARO,5981921,UBS PSF DR OSWALDO AKAMINE,,,,,,,,,244.0,SP,2022,0 a 18 anos,,,6.0,2.459016393442623,198.0,81.14754098360656,11.0,4.508196721311475,29.0,11.885245901639344,6.0,2.459016393442623,5981921,-22.39,-47.54,5,1,2,3,19,18,0,4.9863387978142075,4.166666666666667,0.8196721311475406,DADO HISTÓRICO,
SP,354390,RIO CLARO,5981921,UBS PSF DR OSWALDO AKAMINE,,,,,,,,,322.0,SP,2023,0 a 18 anos,,,6.0,1.8633540372670807,259.0,80.43478260869566,23.0,7.142857142857142,34.0,10.559006211180124,7.0,2.1739130434782608,5981921,-22.39,-47.54,5,1,2,3,19,18,0,1.4407901435699013,4.9863387978142075,-3.545548654244306,DADO HISTÓRICO,
SP,354390,RIO CLARO,5981921,UBS PSF DR OSWALDO AKAMINE,,,,,,,,,299.0,SP,2024,0 a 18 anos,,,10.0,3.3444816053511706,241.0,80.60200668896321,23.0,7.6923076923076925,25.0,8.361204013377927,3.0,1.0033444816053512,5981921,-22.39,-47.54,5,1,2,3,19,18,0,2.5556173453536246,1.4407901435699013,1.1148272017837233,DADO HISTÓRICO,
SP,354390,RIO CLARO,5981921,UBS PSF DR OSWALDO AKAMINE,,,,,,,,,310.0,SP,2025,0 a 18 anos,,,4.0,1.2903225806451613,237.0,76.45161290322581,31.0,10.0,38.0,12.258064516129032,8.0,2.5806451612903225,5981921,-22.39,-47.54,5,1,2,3,19,18,0,2.1660527410878045,2.5556173453536246,-0.38956460426582007,DADO HISTÓRICO,
SP,354390,RIO CLARO,7045395,UBS PSF DR EMILIO BELTRATI,,,,,,,,,88.0,SP,2014,0 a 18 anos,,,6.0,6.8181818181818175,75.0,85.22727272727273,0.0,0.0,7.0,7.954545454545454,0.0,0.0,7045395,-22.44,-47.57,2,0,0,1,20,28,0,3.4090909090909087,0.0,3.4090909090909087,DADO HISTÓRICO,
SP,354390,RIO CLARO,7045395,UBS PSF DR EMILIO BELTRATI,,,,,,,,,86.0,SP,2015,0 a 18 anos,,,1.0,1.162790697674419,78.0,90.69767441860463,0.0,0.0,7.0,8.13953488372093,0.0,0.0,7045395,-22.44,-47.57,2,0,0,1,20,28,0,2.660324171952079,3.4090909090909087,-0.7487667371388298,DADO HISTÓRICO,
SP,354390,RIO CLARO,7045395,UBS PSF DR EMILIO BELTRATI,,,,,,,,,63.0,SP,2016,0 a 18 anos,,,2.0,3.1746031746031744,59.0,93.65079365079364,0.0,0.0,2.0,3.1746031746031744,0.0,0.0,7045395,-22.44,-47.57,2,0,0,1,20,28,0,3.718525230153137,2.660324171952079,1.0582010582010581,DADO HISTÓRICO,
SP,354390,RIO CLARO,7045395,UBS PSF DR EMILIO BELTRATI,,,,,,,,,4.0,SP,2017,0 a 18 anos,,,0.0,0.0,4.0,100.0,0.0,0.0,0.0,0.0,0.0,0.0,7045395,-22.44,-47.57,2,0,0,1,20,28,0,1.4457979574258644,3.718525230153137,-2.2727272727272725,DADO HISTÓRICO,
SP,354390,RIO CLARO,7045395,UBS PSF DR EMILIO BELTRATI,,,,,,,,,53.0,SP,2018,0 a 18 anos,,,0.0,0.0,37.0,69.81132075471697,8.0,15.09433962264151,8.0,15.09433962264151,1.0,1.8867924528301887,7045395,-22.44,-47.57,2,0,0,1,20,28,0,1.0582010582010581,1.4457979574258644,-0.3875968992248062,DADO HISTÓRICO,
SP,354390,RIO CLARO,7045395,UBS PSF DR EMILIO BELTRATI,,,,,,,,,76.0,SP,2019,0 a 18 anos,,,7.0,9.210526315789473,44.0,57.89473684210527,13.0,17.105263157894736,12.0,15.789473684210526,2.0,2.631578947368421,7045395,-22.44,-47.57,2,0,0,1,20,28,0,3.070175438596491,1.0582010582010581,2.011974380395433,DADO HISTÓRICO,
SP,354390,RIO CLARO,7045395,UBS PSF DR EMILIO BELTRATI,,,,,,,,,40.0,SP,2020,0 a 18 anos,,,2.0,5.0,21.0,52.5,9.0,22.5,8.0,20.0,1.0,2.5,7045395,-22.44,-47.57,2,0,0,1,20,28,0,4.7368421052631575,3.070175438596491,1.6666666666666665,DADO HISTÓRICO,
SP,354390,RIO CLARO,7045395,UBS PSF DR EMILIO BELTRATI,,,,,,,,,243.0,SP,2021,0 a 18 anos,,,10.0,4.11522633744856,141.0,58.0246913580247,56.0,23.045267489711936,36.0,14.814814814814811,12.0,4.938271604938271,7045395,-22.44,-47.57,2,0,0,1,20,28,0,6.108584217746011,4.7368421052631575,1.3717421124828535,DADO HISTÓRICO,
SP,354390,RIO CLARO,7045395,UBS PSF DR EMILIO BELTRATI JUNIOR,,,,,,,,,945.0,SP,2022,0 a 18 anos,,,36.0,3.8095238095238098,725.0,76.71957671957672,69.0,7.301587301587302,115.0,12.16931216931217,13.0,1.3756613756613756,7045395,-22.44,-47.57,2,0,0,1,20,28,0,4.30825004899079,6.108584217746011,-1.8003341687552208,DADO HISTÓRICO,
SP,354390,RIO CLARO,7045395,UBS PSF DR EMILIO BELTRATI JUNIOR,,,,,,,,,1275.0,SP,2023,0 a 18 anos,,,32.0,2.5098039215686274,1008.0,79.05882352941175,93.0,7.294117647058823,142.0,11.137254901960784,14.0,1.0980392156862746,7045395,-22.44,-47.57,2,0,0,1,20,28,0,3.478184689513666,4.30825004899079,-0.8300653594771243,DADO HISTÓRICO,
SP,354390,RIO CLARO,7045395,UBS PSF DR EMILIO BELTRATI JUNIOR,,,,,,,,,1311.0,SP,2024,0 a 18 anos,,,39.0,2.9748283752860414,982.0,74.90465293668956,106.0,8.085430968726163,184.0,14.035087719298245,16.0,1.2204424103737606,7045395,-22.44,-47.57,2,0,0,1,20,28,0,3.0980520354594927,3.478184689513666,-0.3801326540541732,DADO HISTÓRICO,
SP,354390,RIO CLARO,7045395,UBS PSF DR EMILIO BELTRATI JUNIOR,,,,,,,,,1213.0,SP,2025,0 a 18 anos,,,36.0,2.967848309975268,910.0,75.02061005770815,97.0,7.996702390766694,170.0,14.014839241549875,23.0,1.8961253091508656,7045395,-22.44,-47.57,2,0,0,1,20,28,0,2.817493535609979,3.0980520354594927,-0.28055849984951386,DADO HISTÓRICO,
SP,354390,RIO CLARO,7427077,USF JD PROGRESSO,,,,,,,,,22.0,SP,2014,0 a 18 anos,,,0.0,0.0,21.0,95.45454545454544,0.0,0.0,1.0,4.545454545454546,0.0,0.0,7427077,-22.388,-47.565,8,0,4,11,74,57,0,2.272727272727273,4.545454545454546,-2.272727272727273,DADO HISTÓRICO,
SP,354390,RIO CLARO,7427077,USF JD PROGRESSO,,,,,,,,,8.0,SP,2015,0 a 18 anos,,,0.0,0.0,8.0,100.0,0.0,0.0,0.0,0.0,0.0,0.0,7427077,-22.388,-47.565,8,0,4,11,74,57,0,1.5151515151515154,2.272727272727273,-0.7575757575757576,DADO HISTÓRICO,
SP,354390,RIO CLARO,7427077,USF JD PROGRESSO,,,,,,,,,24.0,SP,2016,0 a 18 anos,,,1.0,4.166666666666666,21.0,87.5,0.0,0.0,2.0,8.333333333333332,0.0,0.0,7427077,-22.388,-47.565,8,0,4,11,74,57,0,1.3888888888888886,1.5151515151515154,-0.12626262626262674,DADO HISTÓRICO,
SP,354390,RIO CLARO,7427077,USF JD PROGRESSO,,,,,,,,,20.0,SP,2017,0 a 18 anos,,,1.0,5.0,15.0,75.0,2.0,10.0,2.0,10.0,0.0,0.0,7427077,-22.388,-47.565,8,0,4,11,74,57,0,3.0555555555555554,1.3888888888888886,1.6666666666666667,DADO HISTÓRICO,
SP,354390,RIO CLARO,7427077,USF JD PROGRESSO,,,,,,,,,22.0,SP,2018,0 a 18 anos,,,0.0,0.0,19.0,86.36363636363636,1.0,4.545454545454546,2.0,9.090909090909092,0.0,0.0,7427077,-22.388,-47.565,8,0,4,11,74,57,0,3.0555555555555554,3.0555555555555554,0.0,DADO HISTÓRICO,
SP,354390,RIO CLARO,7427077,USF JD PROGRESSO JOSE CARLOS DA SILVA,,,,,,,,,12.0,SP,2019,0 a 18 anos,,,0.0,0.0,11.0,91.66666666666666,0.0,0.0,1.0,8.333333333333332,0.0,0.0,7427077,-22.388,-47.565,8,0,4,11,74,57,0,1.6666666666666667,3.0555555555555554,-1.3888888888888886,DADO HISTÓRICO,
SP,354390,RIO CLARO,7427077,USF JD PROGRESSO,,,,,,,,,2.0,SP,2020,0 a 18 anos,,,0.0,0.0,1.0,50.0,1.0,50.0,0.0,0.0,0.0,0.0,7427077,-22.388,-47.565,8,0,4,11,74,57,0,0.0,1.6666666666666667,-1.6666666666666667,DADO HISTÓRICO,
SP,354390,RIO CLARO,7427077,USF JD PROGRESSO,,,,,,,,,100.0,SP,2021,0 a 18 anos,,,1.0,1.0,65.0,65.0,13.0,13.0,21.0,21.0,6.0,6.0,7427077,-22.388,-47.565,8,0,4,11,74,57,0,0.3333333333333333,0.0,0.3333333333333333,DADO HISTÓRICO,
SP,354390,RIO CLARO,7427077,USF JD PROGRESSO JOSE CARLOS DA SILVA,,,,,,,,,260.0,SP,2022,0 a 18 anos,,,4.0,1.5384615384615383,196.0,75.38461538461539,26.0,10.0,34.0,13.076923076923078,5.0,1.9230769230769231,7427077,-22.388,-47.565,8,0,4,11,74,57,0,0.8461538461538461,0.3333333333333333,0.5128205128205128,DADO HISTÓRICO,
SP,354390,RIO CLARO,7427077,USF JD PROGRESSO JOSE CARLOS DA SILVA,,,,,,,,,324.0,SP,2023,0 a 18 anos,,,9.0,2.7777777777777777,251.0,77.46913580246914,29.0,8.950617283950617,35.0,10.802469135802468,2.0,0.6172839506172839,7427077,-22.388,-47.565,8,0,4,11,74,57,0,1.772079772079772,0.8461538461538461,0.9259259259259259,DADO HISTÓRICO,
SP,354390,RIO CLARO,7427077,USF JD PROGRESSO JOSE CARLOS DA SILVA,,,,,,,,,336.0,SP,2024,0 a 18 anos,,,6.0,1.7857142857142856,271.0,80.65476190476191,15.0,4.464285714285714,44.0,13.095238095238097,4.0,1.1904761904761905,7427077,-22.388,-47.565,8,0,4,11,74,57,0,2.0339845339845337,1.772079772079772,0.26190476190476164,DADO HISTÓRICO,
SP,354390,RIO CLARO,7427077,USF JD PROGRESSO JOSE CARLOS DA SILVA,,,,,,,,,304.0,SP,2025,0 a 18 anos,,,5.0,1.644736842105263,226.0,74.3421052631579,26.0,8.552631578947368,47.0,15.460526315789474,6.0,1.973684210526316,7427077,-22.388,-47.565,8,0,4,11,74,57,0,2.0694096351991087,2.0339845339845337,0.03542510121457498,DADO HISTÓRICO,
SP,354390,RIO CLARO,9422005,UBS PSF JARDIM SANTA ELIZA,,,,,,,,,34.0,SP,2019,0 a 18 anos,,,1.0,2.941176470588235,31.0,91.17647058823528,1.0,2.941176470588235,1.0,2.941176470588235,0.0,0.0,9422005,-22.395,-47.57,6,0,4,11,69,48,0,3.7433155080213902,4.545454545454546,-0.8021390374331556,DADO HISTÓRICO,
SP,354390,RIO CLARO,9422005,UBS PSF JARDIM SANTA ELIZA,,,,,,,,,37.0,SP,2020,0 a 18 anos,,,1.0,2.702702702702702,28.0,75.67567567567568,3.0,8.108108108108109,5.0,13.513513513513514,2.0,5.405405405405405,9422005,-22.395,-47.57,6,0,4,11,69,48,0,3.3964445729151613,3.7433155080213902,-0.3468709351062289,DADO HISTÓRICO,
SP,354390,RIO CLARO,9422005,UBS PSF JARDIM SANTA ELIZA,,,,,,,,,81.0,SP,2021,0 a 18 anos,,,2.0,2.469135802469136,54.0,66.66666666666666,7.0,8.641975308641975,18.0,22.22222222222222,7.0,8.641975308641975,9422005,-22.395,-47.57,6,0,4,11,69,48,0,2.704338325253358,3.3964445729151613,-0.6921062476618034,DADO HISTÓRICO,
SP,354390,RIO CLARO,9422005,UBS PSF JARDIM SANTA ELIZA,,,,,,,,,293.0,SP,2022,0 a 18 anos,,,4.0,1.3651877133105803,236.0,80.54607508532423,19.0,6.484641638225256,34.0,11.604095563139932,4.0,1.3651877133105803,9422005,-22.395,-47.57,6,0,4,11,69,48,0,2.1790087394941393,2.704338325253358,-0.5253295857592186,DADO HISTÓRICO,
SP,354390,RIO CLARO,9422005,UBS PSF JARDIM SANTA ELIZA,,,,,,,,,155.0,SP,2023,0 a 18 anos,,,4.0,2.5806451612903225,123.0,79.35483870967742,7.0,4.516129032258064,21.0,13.548387096774196,1.0,0.6451612903225806,9422005,-22.395,-47.57,6,0,4,11,69,48,0,2.1383228923566797,2.1790087394941393,-0.040685847137459596,DADO HISTÓRICO,
SP,354390,RIO CLARO,9422005,UBS PSF JARDIM SANTA ELIZA,,,,,,,,,307.0,SP,2024,0 a 18 anos,,,8.0,2.6058631921824107,240.0,78.17589576547232,16.0,5.211726384364821,43.0,14.006514657980455,3.0,0.9771986970684038,9422005,-22.395,-47.57,6,0,4,11,69,48,0,2.1838986889277714,2.1383228923566797,0.045575796571091676,DADO HISTÓRICO,
SP,354390,RIO CLARO,9422005,UBS PSF JARDIM SANTA ELIZA,,,,,,,,,307.0,SP,2025,0 a 18 anos,,,13.0,4.234527687296417,234.0,76.2214983713355,24.0,7.81758957654723,36.0,11.726384364820849,6.0,1.954397394136808,9422005,-22.395,-47.57,6,0,4,11,69,48,0,3.1403453469230502,2.1838986889277714,0.9564466579952788,DADO HISTÓRICO,
SP,354390,RIO CLARO,9428992,USF JARDIM SAO MIGUEL,,,,,,,,,20.0,SP,2020,0 a 18 anos,,,0.0,0.0,15.0,75.0,3.0,15.0,2.0,10.0,0.0,0.0,9428992,-22.415,-47.58,3,0,2,6,41,33,0,0.0,0.0,0.0,DADO HISTÓRICO,
SP,354390,RIO CLARO,9428992,USF JARDIM SAO MIGUEL,,,,,,,,,25.0,SP,2021,0 a 18 anos,,,0.0,0.0,21.0,84.0,0.0,0.0,4.0,16.0,0.0,0.0,9428992,-22.415,-47.58,3,0,2,6,41,33,0,0.0,0.0,0.0,DADO HISTÓRICO,
SP,354390,RIO CLARO,9428992,USF JARDIM SAO MIGUEL JORCELINO QUINTINO DE FARIA,,,,,,,,,145.0,SP,2022,0 a 18 anos,,,2.0,1.3793103448275863,101.0,69.6551724137931,15.0,10.344827586206897,27.0,18.620689655172416,7.0,4.827586206896552,9428992,-22.415,-47.58,3,0,2,6,41,33,0,0.4597701149425288,0.0,0.4597701149425288,DADO HISTÓRICO,
SP,354390,RIO CLARO,9428992,USF JARDIM SAO MIGUEL JORCELINO QUINTINO DE FARIA,,,,,,,,,173.0,SP,2023,0 a 18 anos,,,4.0,2.312138728323699,117.0,67.63005780346822,20.0,11.560693641618498,32.0,18.497109826589597,5.0,2.8901734104046244,9428992,-22.415,-47.58,3,0,2,6,41,33,0,1.230483024383762,0.4597701149425288,0.770712909441233,DADO HISTÓRICO,
SP,354390,RIO CLARO,9428992,USF JARDIM SAO MIGUEL JORCELINO QUINTINO DE FARIA,,,,,,,,,162.0,SP,2024,0 a 18 anos,,,3.0,1.851851851851852,110.0,67.90123456790124,19.0,11.728395061728394,30.0,18.51851851851852,6.0,3.7037037037037033,9428992,-22.415,-47.58,3,0,2,6,41,33,0,1.847766975001046,1.230483024383762,0.617283950617284,DADO HISTÓRICO,
SP,354390,RIO CLARO,9428992,USF JARDIM SAO MIGUEL JORCELINO QUINTINO DE FARIA,,,,,,,,,849.0,SP,2025,0 a 18 anos,,,23.0,2.7090694935217905,671.0,79.0341578327444,43.0,5.064782096584216,112.0,13.191990577149587,11.0,1.2956419316843346,9428992,-22.415,-47.58,3,0,2,6,41,33,0,2.2910200245657806,1.847766975001046,0.44325304956473466,DADO HISTÓRICO,
SP,354390,RIO CLARO,9429115,USF BELA VISTA DR ARINDAL CARNEIRO CESAR PIRES,,,,,,,,,12.0,SP,2019,0 a 18 anos,,,0.0,0.0,9.0,75.0,1.0,8.333333333333332,2.0,16.666666666666664,0.0,0.0,9429115,-22.428,-47.54,0,0,0,0,3,1,0,0.0,0.0,0.0,DADO HISTÓRICO,
SP,354390,RIO CLARO,9429115,USF BELA VISTA,,,,,,,,,6.0,SP,2020,0 a 18 anos,,,1.0,16.666666666666664,4.0,66.66666666666666,1.0,16.666666666666664,0.0,0.0,0.0,0.0,9429115,-22.428,-47.54,0,0,0,0,3,1,0,5.5555555555555545,0.0,5.5555555555555545,DADO HISTÓRICO,
SP,354390,RIO CLARO,9429115,USF BELA VISTA,,,,,,,,,41.0,SP,2021,0 a 18 anos,,,0.0,0.0,32.0,78.04878048780488,1.0,2.4390243902439024,8.0,19.51219512195122,0.0,0.0,9429115,-22.428,-47.54,0,0,0,0,3,1,0,5.5555555555555545,5.5555555555555545,0.0,DADO HISTÓRICO,
SP,354390,RIO CLARO,9429115,USF BELA VISTA DR ARINDAL CARNEIRO CESAR PIRES,,,,,,,,,188.0,SP,2022,0 a 18 anos,,,6.0,3.191489361702128,142.0,75.53191489361703,13.0,6.914893617021277,27.0,14.361702127659576,6.0,3.191489361702128,9429115,-22.428,-47.54,0,0,0,0,3,1,0,6.619385342789598,5.5555555555555545,1.0638297872340434,DADO HISTÓRICO,
SP,354390,RIO CLARO,9429115,USF BELA VISTA DR ARINDAL CARNEIRO CESAR PIRES,,,,,,,,,180.0,SP,2023,0 a 18 anos,,,7.0,3.888888888888889,138.0,76.66666666666667,17.0,9.444444444444445,18.0,10.0,4.0,2.2222222222222223,9429115,-22.428,-47.54,0,0,0,0,3,1,0,2.360126083530339,6.619385342789598,-4.2592592592592595,DADO HISTÓRICO,
SP,354390,RIO CLARO,9429115,USF BELA VISTA DR ARINDAL CARNEIRO CESAR PIRES,,,,,,,,,190.0,SP,2024,0 a 18 anos,,,7.0,3.684210526315789,137.0,72.10526315789474,17.0,8.947368421052632,29.0,15.263157894736842,4.0,2.1052631578947367,9429115,-22.428,-47.54,0,0,0,0,3,1,0,3.588196258968935,2.360126083530339,1.2280701754385963,DADO HISTÓRICO,
SP,354390,RIO CLARO,9429115,USF BELA VISTA DR ARINDAL CARNEIRO CESAR PIRES,,,,,,,,,204.0,SP,2025,0 a 18 anos,,,8.0,3.92156862745098,146.0,71.56862745098039,15.0,7.352941176470589,35.0,17.15686274509804,5.0,2.450980392156863,9429115,-22.428,-47.54,0,0,0,0,3,1,0,3.8315560142185525,3.588196258968935,0.2433597552496174,DADO HISTÓRICO,
SP,354390,RIO CLARO,9523200,USF JARDIM BRASILIA NEUSA MARIA MORTARI,,,,,,,,,30.0,SP,2019,0 a 18 anos,,,0.0,0.0,26.0,86.66666666666667,2.0,6.666666666666667,2.0,6.666666666666667,1.0,3.333333333333333,9523200,-22.432,-47.535,0,0,0,0,1,0,0,0.0,0.0,0.0,DADO HISTÓRICO,
SP,354390,RIO CLARO,9523200,USF JARDIM BRASILIA,,,,,,,,,9.0,SP,2020,0 a 18 anos,,,0.0,0.0,5.0,55.55555555555556,0.0,0.0,4.0,44.44444444444444,0.0,0.0,9523200,-22.432,-47.535,0,0,0,0,1,0,0,0.0,0.0,0.0,DADO HISTÓRICO,
SP,354390,RIO CLARO,9523200,USF JARDIM BRASILIA,,,,,,,,,30.0,SP,2021,0 a 18 anos,,,0.0,0.0,28.0,93.33333333333331,1.0,3.333333333333333,1.0,3.333333333333333,0.0,0.0,9523200,-22.432,-47.535,0,0,0,0,1,0,0,0.0,0.0,0.0,DADO HISTÓRICO,
SP,354390,RIO CLARO,9523200,USF JARDIM BRASILIA NEUSA MARIA MORTARI,,,,,,,,,135.0,SP,2022,0 a 18 anos,,,0.0,0.0,103.0,76.29629629629629,10.0,7.4074074074074066,22.0,16.296296296296298,3.0,2.2222222222222223,9523200,-22.432,-47.535,0,0,0,0,1,0,0,0.0,0.0,0.0,DADO HISTÓRICO,
SP,354390,RIO CLARO,9523200,USF JARDIM BRASILIA NEUSA MARIA MORTARI,,,,,,,,,134.0,SP,2023,0 a 18 anos,,,4.0,2.985074626865672,104.0,77.61194029850746,14.0,10.44776119402985,12.0,8.955223880597014,1.0,0.7462686567164178,9523200,-22.432,-47.535,0,0,0,0,1,0,0,0.9950248756218906,0.0,0.9950248756218906,DADO HISTÓRICO,
SP,354390,RIO CLARO,9523200,USF JARDIM BRASILIA NEUSA MARIA MORTARI,,,,,,,,,198.0,SP,2024,0 a 18 anos,,,7.0,3.535353535353535,153.0,77.27272727272727,17.0,8.585858585858585,21.0,10.606060606060606,3.0,1.5151515151515151,9523200,-22.432,-47.535,0,0,0,0,1,0,0,2.173476054073069,0.9950248756218906,1.1784511784511786,DADO HISTÓRICO,
SP,354390,RIO CLARO,9523200,USF JARDIM BRASILIA NEUSA MARIA MORTARI,,,,,,,,,156.0,SP,2025,0 a 18 anos,,,1.0,0.641025641025641,111.0,71.15384615384616,13.0,8.333333333333332,31.0,19.871794871794872,7.0,4.487179487179487,9523200,-22.432,-47.535,0,0,0,0,1,0,0,2.387151267748283,2.173476054073069,0.2136752136752138,DADO HISTÓRICO,
SP,354390,RIO CLARO,2030462,UBS DR MARIO FITTIPALDI,,,,,,,,,660.0,SP,2026,0 a 18 anos,,,9.0,1.3636363636363635,519.0,78.63636363636364,29.0,4.393939393939394,103.0,15.606060606060607,7.0,1.0606060606060608,2030462,-22.408,-47.575,5,0,7,8,62,38,0,2.301920013541031,2.011893540241799,0.2900264732992318,PREVISÃO FUTURA,0.2900264732992318
SP,354390,RIO CLARO,2031922,UBS ORESTES ARMANDO GIOVANNI,,,,,,,,,550.025,SP,2026,0 a 18 anos,,,47.0,8.545066133357574,1092.0,198.53643016226536,201.0,36.54379346393346,234.0,42.54352074905686,29.0,5.272487614199354,2031922,-22.425,-47.555,4,0,4,6,30,44,0,3.2241654531728914,4.520123100508996,-1.2959576473361043,PREVISÃO FUTURA,-1.2959576473361043
SP,354390,RIO CLARO,2033186,UBS PSF DR GILSON GIOVANNI,,,,,,,,,436.0,SP,2026,0 a 18 anos,,,11.0,2.522935779816514,321.0,73.62385321100918,43.0,9.862385321100918,61.0,13.990825688073391,8.0,1.834862385321101,2033186,-22.418,-47.585,6,0,1,5,24,29,0,2.585016723307422,2.6759728282938426,-0.0909561049864205,PREVISÃO FUTURA,-0.0909561049864205
SP,354390,RIO CLARO,2049163,UBS PSF DE AJAPI FARMACEUTICO ANTONIO GILBERTO FONSECA,,,,,,,,,436.0,SP,2026,0 a 18 anos,,,7.0,1.6055045871559634,318.0,72.93577981651376,31.0,7.110091743119266,80.0,18.34862385321101,19.0,4.357798165137615,2049163,-22.34,-47.565,0,0,0,0,0,0,0,2.0951179505248425,1.6412910101412272,0.45382694038361515,PREVISÃO FUTURA,0.45382694038361515
SP,354390,RIO CLARO,2055821,UBS PSF DA ASSISTENCIA,,,,,,,,,162.0,SP,2026,0 a 18 anos,,,6.0,3.7037037037037033,123.0,75.92592592592592,16.0,9.876543209876544,17.0,10.493827160493826,3.0,1.851851851851852,2055821,-22.43,-47.56,4,0,4,6,35,48,0,2.9040082347517426,3.5289065461367577,-0.6248983113850151,PREVISÃO FUTURA,-0.6248983113850151
SP,354390,RIO CLARO,2055902,UBS PSF CELIA AP CECCATO DA SILVA,,,,,,,,,1332.0,SP,2026,0 a 18 anos,,,31.0,2.3273273273273274,1008.0,75.67567567567568,124.0,9.30930930930931,169.0,12.687687687687689,22.0,1.6516516516516515,2055902,-22.402,-47.58,4,0,2,8,55,29,0,4.482548040967636,2.880821802683814,1.6017262382838213,PREVISÃO FUTURA,1.6017262382838213
SP,354390,RIO CLARO,2060825,UBS DR SILVIO ARNALDO PIVA,,,,,,,,,805.0,SP,2026,0 a 18 anos,,,23.0,2.857142857142857,618.0,76.77018633540372,52.0,6.459627329192546,112.0,13.91304347826087,4.0,0.4968944099378882,2060825,-22.421,-47.545,1,0,2,2,12,14,0,2.749286121806093,2.8848093675741957,-0.13552324576810293,PREVISÃO FUTURA,-0.13552324576810293
SP,354390,RIO CLARO,2071940,UBS DR NICOLINO MAZZIOTTI JARDIM CERVEZAO,,,,,,,,,879.0,SP,2026,0 a 18 anos,,,17.0,1.9340159271899888,692.0,78.72582480091013,43.0,4.891922639362913,127.0,14.448236632536974,13.0,1.4789533560864618,2071940,-22.385,-47.558,9,1,4,12,73,58,0,2.390213235767743,2.215626419584142,0.17458681618360075,PREVISÃO FUTURA,0.17458681618360075
SP,354390,RIO CLARO,2074494,UBS DR ANTONIO RAPHAEL MINERVINO SANTOMAURO,,,,,,,,,886.0,SP,2026,0 a 18 anos,,,23.0,2.595936794582393,694.0,78.3295711060948,57.0,6.433408577878104,112.0,12.641083521444695,9.0,1.015801354401806,2074494,-22.415,-47.561,7,0,12,10,66,74,0,2.7970422836301605,3.2622014558337384,-0.46515917220357816,PREVISÃO FUTURA,-0.46515917220357816
SP,354390,RIO CLARO,2085097,UBS PSF PQUE MAE PRETA DR EDUARDO REIS,,,,,,,,,677.0,SP,2026,0 a 18 anos,,,10.0,1.4771048744460855,506.0,74.74150664697193,59.0,8.714918759231907,102.0,15.066469719350073,16.0,2.363367799113737,2085097,-22.38,-47.545,8,1,5,9,37,46,0,1.8459864081068378,1.6151929369022706,0.23079347120456725,PREVISÃO FUTURA,0.23079347120456725
SP,354390,RIO CLARO,3347087,UBS PSF DR DIRCEU FERREIRA PENTEADO,,,,,,,,,656.0,SP,2026,0 a 18 anos,,,20.0,3.048780487804878,489.0,74.54268292682927,53.0,8.079268292682928,94.0,14.329268292682926,10.0,1.524390243902439,3347087,-22.435,-47.55,0,0,0,0,12,9,0,2.4859226380704698,3.0867517067773806,-0.6008290687069111,PREVISÃO FUTURA,-0.6008290687069111
SP,354390,RIO CLARO,3355519,UBS PSF DR NORBERTO ANTONIO SIMAO CARNEIRO,,,,,,,,,464.0,SP,2026,0 a 18 anos,,,9.0,1.9396551724137927,368.0,79.3103448275862,29.0,6.25,58.0,12.5,4.0,0.8620689655172413,3355519,-22.42,-47.53,0,0,0,0,0,0,0,2.7561676464221727,2.5641214836884996,0.1920461627336732,PREVISÃO FUTURA,0.1920461627336732
SP,354390,RIO CLARO,5733022,UBS PSF DR CELESTINO DONATO,,,,,,,,,222.0,SP,2026,0 a 18 anos,,,5.0,2.2522522522522523,185.0,83.33333333333334,15.0,6.756756756756757,17.0,7.657657657657657,1.0,0.4504504504504504,5733022,-22.41,-47.54,1,0,0,0,13,1,0,2.353694930487081,1.857051857051857,0.496643073435224,PREVISÃO FUTURA,0.496643073435224
SP,354390,RIO CLARO,5870755,UBS PSF DR MOACIR DE OLIVEIRA CAMARGO,,,,,,,,,325.0,SP,2026,0 a 18 anos,,,10.0,3.076923076923077,246.0,75.6923076923077,21.0,6.461538461538462,48.0,14.76923076923077,4.0,1.2307692307692308,5870755,-22.405,-47.55,1,0,3,0,40,34,0,2.599081881786875,2.6505972121114083,-0.05151533032453332,PREVISÃO FUTURA,-0.05151533032453332
SP,354390,RIO CLARO,5981921,UBS PSF DR OSWALDO AKAMINE,,,,,,,,,310.0,SP,2026,0 a 18 anos,,,4.0,1.2903225806451613,237.0,76.45161290322581,31.0,10.0,38.0,12.258064516129032,8.0,2.5806451612903225,5981921,-22.39,-47.54,5,1,2,3,19,18,0,2.6355667010727895,2.1660527410878045,0.46951395998498496,PREVISÃO FUTURA,0.46951395998498496
SP,354390,RIO CLARO,7045395,UBS PSF DR EMILIO BELTRATI JUNIOR,,,,,,,,,1213.0,SP,2026,0 a 18 anos,,,36.0,2.967848309975268,910.0,75.02061005770815,97.0,7.996702390766694,170.0,14.014839241549875,23.0,1.8961253091508656,7045395,-22.44,-47.57,2,0,0,1,20,28,0,6.2900249550914324,2.817493535609979,3.472531419481454,PREVISÃO FUTURA,3.472531419481454
SP,354390,RIO CLARO,7427077,USF JD PROGRESSO JOSE CARLOS DA SILVA,,,,,,,,,304.0,SP,2026,0 a 18 anos,,,5.0,1.644736842105263,226.0,74.3421052631579,26.0,8.552631578947368,47.0,15.460526315789474,6.0,1.973684210526316,7427077,-22.388,-47.565,8,0,4,11,74,57,0,1.7409434123252416,2.0694096351991087,-0.328466222873867,PREVISÃO FUTURA,-0.328466222873867
SP,354390,RIO CLARO,9422005,UBS PSF JARDIM SANTA ELIZA,,,,,,,,,307.0,SP,2026,0 a 18 anos,,,13.0,4.234527687296417,234.0,76.2214983713355,24.0,7.81758957654723,36.0,11.726384364820849,6.0,1.954397394136808,9422005,-22.395,-47.57,6,0,4,11,69,48,0,2.490469176899967,3.1403453469230502,-0.6498761700230831,PREVISÃO FUTURA,-0.6498761700230831
SP,354390,RIO CLARO,9428992,USF JARDIM SAO MIGUEL JORCELINO QUINTINO DE FARIA,,,,,,,,,849.0,SP,2026,0 a 18 anos,,,23.0,2.7090694935217905,671.0,79.0341578327444,43.0,5.064782096584216,112.0,13.191990577149587,11.0,1.2956419316843346,9428992,-22.415,-47.58,3,0,2,6,41,33,0,2.4910482701659893,2.2910200245657806,0.20002824560020863,PREVISÃO FUTURA,0.20002824560020863
SP,354390,RIO CLARO,9429115,USF BELA VISTA DR ARINDAL CARNEIRO CESAR PIRES,,,,,,,,,204.0,SP,2026,0 a 18 anos,,,8.0,3.92156862745098,146.0,71.56862745098039,15.0,7.352941176470589,35.0,17.15686274509804,5.0,2.450980392156863,9429115,-22.428,-47.54,0,0,0,0,3,1,0,3.091022176646993,3.8315560142185525,-0.7405338375715593,PREVISÃO FUTURA,-0.7405338375715593
SP,354390,RIO CLARO,9523200,USF JARDIM BRASILIA NEUSA MARIA MORTARI,,,,,,,,,156.0,SP,2026,0 a 18 anos,,,1.0,0.641025641025641,111.0,71.15384615384616,13.0,8.333333333333332,31.0,19.871794871794872,7.0,4.487179487179487,9523200,-22.432,-47.535,0,0,0,0,1,0,0,2.4874823813781193,2.387151267748283,0.1003311136298366,PREVISÃO FUTURA,0.1003311136298366
SP,354390,RIO CLARO,2030462,UBS DR MARIO FITTIPALDI,,,,,,,,,660.0,SP,2027,0 a 18 anos,,,9.0,1.3636363636363635,519.0,78.63636363636364,29.0,4.393939393939394,103.0,15.606060606060607,7.0,1.0606060606060608,2030462,-22.408,-47.575,5,0,7,8,62,38,0,2.4926387631259344,2.301920013541031,0.19071874958490326,PREVISÃO FUTURA,0.19071874958490326
SP,354390,RIO CLARO,2031922,UBS ORESTES ARMANDO GIOVANNI,,,,,,,,,550.025,SP,2027,0 a 18 anos,,,47.0,8.545066133357574,1092.0,198.53643016226536,201.0,36.54379346393346,234.0,42.54352074905686,29.0,5.272487614199354,2031922,-22.425,-47.555,4,0,4,6,30,44,0,2.6527674962217773,3.2241654531728914,-0.5713979569511138,PREVISÃO FUTURA,-0.5713979569511138
SP,354390,RIO CLARO,2033186,UBS PSF DR GILSON GIOVANNI,,,,,,,,,436.0,SP,2027,0 a 18 anos,,,11.0,2.522935779816514,321.0,73.62385321100918,43.0,9.862385321100918,61.0,13.990825688073391,8.0,1.834862385321101,2033186,-22.418,-47.585,6,0,1,5,24,29,0,2.7228893909434406,2.585016723307422,0.1378726676360188,PREVISÃO FUTURA,0.1378726676360188
SP,354390,RIO CLARO,2049163,UBS PSF DE AJAPI FARMACEUTICO ANTONIO GILBERTO FONSECA,,,,,,,,,436.0,SP,2027,0 a 18 anos,,,7.0,1.6055045871559634,318.0,72.93577981651376,31.0,7.110091743119266,80.0,18.34862385321101,19.0,4.357798165137615,2049163,-22.34,-47.565,0,0,0,0,0,0,0,2.4767411046539243,2.0951179505248425,0.3816231541290819,PREVISÃO FUTURA,0.3816231541290819
SP,354390,RIO CLARO,2055821,UBS PSF DA ASSISTENCIA,,,,,,,,,162.0,SP,2027,0 a 18 anos,,,6.0,3.7037037037037033,123.0,75.92592592592592,16.0,9.876543209876544,17.0,10.493827160493826,3.0,1.851851851851852,2055821,-22.43,-47.56,4,0,4,6,35,48,0,2.862057255961724,2.9040082347517426,-0.04195097879001878,PREVISÃO FUTURA,-0.04195097879001878
SP,354390,RIO CLARO,2055902,UBS PSF CELIA AP CECCATO DA SILVA,,,,,,,,,1332.0,SP,2027,0 a 18 anos,,,31.0,2.3273273273273274,1008.0,75.67567567567568,124.0,9.30930930930931,169.0,12.687687687687689,22.0,1.6516516516516515,2055902,-22.402,-47.58,4,0,2,8,55,29,0,3.6000846252519563,4.482548040967636,-0.8824634157156798,PREVISÃO FUTURA,-0.8824634157156798
SP,354390,RIO CLARO,2060825,UBS DR SILVIO ARNALDO PIVA,,,,,,,,,805.0,SP,2027,0 a 18 anos,,,23.0,2.857142857142857,618.0,76.77018633540372,52.0,6.459627329192546,112.0,13.91304347826087,4.0,0.4968944099378882,2060825,-22.421,-47.545,1,0,2,2,12,14,0,2.564808659889908,2.749286121806093,-0.18447746191618516,PREVISÃO FUTURA,-0.18447746191618516
SP,354390,RIO CLARO,2071940,UBS DR NICOLINO MAZZIOTTI JARDIM CERVEZAO,,,,,,,,,879.0,SP,2027,0 a 18 anos,,,17.0,1.9340159271899888,692.0,78.72582480091013,43.0,4.891922639362913,127.0,14.448236632536974,13.0,1.4789533560864618,2071940,-22.385,-47.558,9,1,4,12,73,58,0,2.5872582518654132,2.390213235767743,0.19704501609767044,PREVISÃO FUTURA,0.19704501609767044
SP,354390,RIO CLARO,2074494,UBS DR ANTONIO RAPHAEL MINERVINO SANTOMAURO,,,,,,,,,886.0,SP,2027,0 a 18 anos,,,23.0,2.595936794582393,694.0,78.3295711060948,57.0,6.433408577878104,112.0,12.641083521444695,9.0,1.015801354401806,2074494,-22.415,-47.561,7,0,12,10,66,74,0,2.7326270249273334,2.7970422836301605,-0.06441525870282704,PREVISÃO FUTURA,-0.06441525870282704
SP,354390,RIO CLARO,2085097,UBS PSF PQUE MAE PRETA DR EDUARDO REIS,,,,,,,,,677.0,SP,2027,0 a 18 anos,,,10.0,1.4771048744460855,506.0,74.74150664697193,59.0,8.714918759231907,102.0,15.066469719350073,16.0,2.363367799113737,2085097,-22.38,-47.545,8,1,5,9,37,46,0,2.20384242427671,1.8459864081068378,0.35785601616987234,PREVISÃO FUTURA,0.35785601616987234
SP,354390,RIO CLARO,3347087,UBS PSF DR DIRCEU FERREIRA PENTEADO,,,,,,,,,656.0,SP,2027,0 a 18 anos,,,20.0,3.048780487804878,489.0,74.54268292682927,53.0,8.079268292682928,94.0,14.329268292682926,10.0,1.524390243902439,3347087,-22.435,-47.55,0,0,0,0,12,9,0,2.3546153593052668,2.4859226380704698,-0.13130727876520296,PREVISÃO FUTURA,-0.13130727876520296
SP,354390,RIO CLARO,3355519,UBS PSF DR NORBERTO ANTONIO SIMAO CARNEIRO,,,,,,,,,464.0,SP,2027,0 a 18 anos,,,9.0,1.9396551724137927,368.0,79.3103448275862,29.0,6.25,58.0,12.5,4.0,0.8620689655172413,3355519,-22.42,-47.53,0,0,0,0,0,0,0,2.9273708558209797,2.7561676464221727,0.17120320939880695,PREVISÃO FUTURA,0.17120320939880695
SP,354390,RIO CLARO,5733022,UBS PSF DR CELESTINO DONATO,,,,,,,,,222.0,SP,2027,0 a 18 anos,,,5.0,2.2522522522522523,185.0,83.33333333333334,15.0,6.756756756756757,17.0,7.657657657657657,1.0,0.4504504504504504,5733022,-22.41,-47.54,1,0,0,0,13,1,0,2.644780530202344,2.353694930487081,0.29108559971526327,PREVISÃO FUTURA,0.29108559971526327
SP,354390,RIO CLARO,5870755,UBS PSF DR MOACIR DE OLIVEIRA CAMARGO,,,,,,,,,325.0,SP,2027,0 a 18 anos,,,10.0,3.076923076923077,246.0,75.6923076923077,21.0,6.461538461538462,48.0,14.76923076923077,4.0,1.2307692307692308,5870755,-22.405,-47.55,1,0,3,0,40,34,0,2.718474738107,2.599081881786875,0.11939285632012475,PREVISÃO FUTURA,0.11939285632012475
SP,354390,RIO CLARO,5981921,UBS PSF DR OSWALDO AKAMINE,,,,,,,,,310.0,SP,2027,0 a 18 anos,,,4.0,1.2903225806451613,237.0,76.45161290322581,31.0,10.0,38.0,12.258064516129032,8.0,2.5806451612903225,5981921,-22.39,-47.54,5,1,2,3,19,18,0,2.8441029604649226,2.6355667010727895,0.2085362593921331,PREVISÃO FUTURA,0.2085362593921331
SP,354390,RIO CLARO,7045395,UBS PSF DR EMILIO BELTRATI JUNIOR,,,,,,,,,1213.0,SP,2027,0 a 18 anos,,,36.0,2.967848309975268,910.0,75.02061005770815,97.0,7.996702390766694,170.0,14.014839241549875,23.0,1.8961253091508656,7045395,-22.44,-47.57,2,0,0,1,20,28,0,3.4051925380749486,6.2900249550914324,-2.884832417016484,PREVISÃO FUTURA,-2.884832417016484
SP,354390,RIO CLARO,7427077,USF JD PROGRESSO JOSE CARLOS DA SILVA,,,,,,,,,304.0,SP,2027,0 a 18 anos,,,5.0,1.644736842105263,226.0,74.3421052631579,26.0,8.552631578947368,47.0,15.460526315789474,6.0,1.973684210526316,7427077,-22.388,-47.565,8,0,4,11,74,57,0,1.393596085868496,1.7409434123252416,-0.3473473264567456,PREVISÃO FUTURA,-0.3473473264567456
SP,354390,RIO CLARO,9422005,UBS PSF JARDIM SANTA ELIZA,,,,,,,,,307.0,SP,2027,0 a 18 anos,,,13.0,4.234527687296417,234.0,76.2214983713355,24.0,7.81758957654723,36.0,11.726384364820849,6.0,1.954397394136808,9422005,-22.395,-47.57,6,0,4,11,69,48,0,2.2486053608005756,2.490469176899967,-0.24186381609939148,PREVISÃO FUTURA,-0.24186381609939148
SP,354390,RIO CLARO,9428992,USF JARDIM SAO MIGUEL JORCELINO QUINTINO DE FARIA,,,,,,,,,849.0,SP,2027,0 a 18 anos,,,23.0,2.7090694935217905,671.0,79.0341578327444,43.0,5.064782096584216,112.0,13.191990577149587,11.0,1.2956419316843346,9428992,-22.415,-47.58,3,0,2,6,41,33,0,2.6702963675002445,2.4910482701659893,0.17924809733425537,PREVISÃO FUTURA,0.17924809733425537
SP,354390,RIO CLARO,9429115,USF BELA VISTA DR ARINDAL CARNEIRO CESAR PIRES,,,,,,,,,204.0,SP,2027,0 a 18 anos,,,8.0,3.92156862745098,146.0,71.56862745098039,15.0,7.352941176470589,35.0,17.15686274509804,5.0,2.450980392156863,9429115,-22.428,-47.54,0,0,0,0,3,1,0,2.4128690853349206,3.091022176646993,-0.6781530913120725,PREVISÃO FUTURA,-0.6781530913120725
SP,354390,RIO CLARO,9523200,USF JARDIM BRASILIA NEUSA MARIA MORTARI,,,,,,,,,156.0,SP,2027,0 a 18 anos,,,1.0,0.641025641025641,111.0,71.15384615384616,13.0,8.333333333333332,31.0,19.871794871794872,7.0,4.487179487179487,9523200,-22.432,-47.535,0,0,0,0,1,0,0,2.543633417860999,2.4874823813781193,0.056151036482879634,PREVISÃO FUTURA,0.056151036482879634
