UF,IBGE,Municipio,CNES,EAS,Peso_Muito_Baixo_Quantidade,Peso_Muito_Baixo_Porcentagem,Peso_Baixo_Quantidade,Peso_Baixo_Porcentagem,Peso_Adequado_Quantidade,Peso_Adequado_Porcentagem,Peso_Elevado_Quantidade,Peso_Elevado_Porcentagem,Total,Local,Ano,Faixa_Etaria,Magreza_Acentuada_Qtd,Magreza_Acentuada_Pct,Magreza_Qtd,Magreza_Pct,Eutrofia_Qtd,Eutrofia_Pct,Sobrepeso_Qtd,Sobrepeso_Pct,Obesidade_Qtd,Obesidade_Pct,Obesidade_Grave_Qtd,Obesidade_Grave_Pct,cnes,lat_ubs,lon_ubs,qtd_esc_publicas,qtd_esc_privadas,qtd_fastfood,qtd_supermercados,qtd_pracas_esporte,acesso_transporte,Faixa_Etaria_Cod,Tendencia_Obesidade,Obesidade_Ano_Anterior,Delta_Obesidade,Status,Delta_Predito
SP,354390,RIO CLARO,2030462,UBS DR MARIO FITTIPALDI,,,,,,,,,14.0,SP,2018,10 a 19 anos,0.0,0.0,0.0,0.0,10.0,71.43,2.0,14.29,2.0,14.29,0.0,0.0,2030462,-22.408,-47.575,5,0,7,0,62,38,0,9.774999999999999,5.26,4.514999999999999,DADO HISTÓRICO,
SP,354390,RIO CLARO,2030462,UBS DR MARIO FITTIPALDI,,,,,,,,,23.0,SP,2019,10 a 19 anos,0.0,0.0,1.0,4.35,13.0,56.52,4.0,17.39,5.0,21.74,0.0,0.0,2030462,-22.408,-47.575,5,0,7,0,62,38,0,13.763333333333334,9.774999999999999,3.988333333333335,DADO HISTÓRICO,
SP,354390,RIO CLARO,2030462,UBS DR MARIO FITTIPALDI,,,,,,,,,47.0,SP,2020,10 a 19 anos,0.0,0.0,2.0,4.26,19.0,40.43,12.0,25.53,9.0,19.15,5.0,10.64,2030462,-22.408,-47.575,5,0,7,0,62,38,0,18.393333333333334,13.763333333333334,4.630000000000001,DADO HISTÓRICO,
SP,354390,RIO CLARO,2030462,UBS DR MARIO FITTIPALDI,,,,,,,,,152.0,SP,2021,10 a 19 anos,2.0,1.32,2.0,1.32,76.0,50.0,31.0,20.39,31.0,20.39,10.0,6.58,2030462,-22.408,-47.575,5,0,7,0,62,38,0,20.426666666666666,18.393333333333334,2.0333333333333314,DADO HISTÓRICO,
SP,354390,RIO CLARO,2030462,UBS DR MARIO FITTIPALDI,,,,,,,,,271.0,SP,2022,10 a 19 anos,1.0,0.37,9.0,3.32,146.0,53.87,50.0,18.45,41.0,15.13,24.0,8.86,2030462,-22.408,-47.575,5,0,7,0,62,38,0,18.223333333333333,20.426666666666666,-2.203333333333333,DADO HISTÓRICO,
SP,354390,RIO CLARO,2030462,UBS DR MARIO FITTIPALDI,,,,,,,,,225.0,SP,2023,10 a 19 anos,1.0,0.44,6.0,2.67,128.0,56.89,53.0,23.56,29.0,12.89,8.0,3.56,2030462,-22.408,-47.575,5,0,7,0,62,38,0,16.136666666666667,18.223333333333333,-2.086666666666666,DADO HISTÓRICO,
SP,354390,RIO CLARO,2030462,UBS DR MARIO FITTIPALDI,,,,,,,,,272.0,SP,2024,10 a 19 anos,0.0,0.0,7.0,2.57,165.0,60.66,61.0,22.43,30.0,11.03,9.0,3.31,2030462,-22.408,-47.575,5,0,7,0,62,38,0,13.016666666666666,16.136666666666667,-3.120000000000001,DADO HISTÓRICO,
SP,354390,RIO CLARO,2030462,UBS DR MARIO FITTIPALDI,,,,,,,,,156.0,SP,2025,10 a 19 anos,1.0,0.64,4.0,2.56,86.0,55.13,29.0,18.59,29.0,18.59,7.0,4.49,2030462,-22.408,-47.575,5,0,7,0,62,38,0,14.17,13.016666666666666,1.1533333333333342,DADO HISTÓRICO,
SP,354390,RIO CLARO,2031922,UBS ORESTES ARMANDO GIOVANNI,,,,,,,,,12.0,SP,2018,10 a 19 anos,0.0,0.0,1.0,8.33,6.0,50.0,5.0,41.67,0.0,0.0,0.0,0.0,2031922,-22.425,-47.555,4,0,4,0,30,44,0,4.165,8.33,-4.165,DADO HISTÓRICO,
SP,354390,RIO CLARO,2031922,UBS ORESTES ARMANDO GIOVANNI,,,,,,,,,19.0,SP,2019,10 a 19 anos,0.0,0.0,2.0,10.53,9.0,47.37,5.0,26.32,3.0,15.79,0.0,0.0,2031922,-22.425,-47.555,4,0,4,0,30,44,0,8.04,4.165,3.874999999999999,DADO HISTÓRICO,
SP,354390,RIO CLARO,2031922,UBS ORESTES ARMANDO GIOVANNI,,,,,,,,,12.0,SP,2020,10 a 19 anos,0.0,0.0,0.0,0.0,9.0,75.0,1.0,8.33,2.0,16.67,0.0,0.0,2031922,-22.425,-47.555,4,0,4,0,30,44,0,10.82,8.04,2.780000000000001,DADO HISTÓRICO,
SP,354390,RIO CLARO,2031922,UBS ORESTES ARMANDO GIOVANNI,,,,,,,,,100.0,SP,2021,10 a 19 anos,1.0,1.0,2.0,2.0,68.0,68.0,11.0,11.0,11.0,11.0,7.0,7.0,2031922,-22.425,-47.555,4,0,4,0,30,44,0,14.486666666666666,10.82,3.666666666666666,DADO HISTÓRICO,
SP,354390,RIO CLARO,2031922,UBS ORESTES ARMANDO GIOVANNI,,,,,,,,,721.0,SP,2022,10 a 19 anos,2.0,0.28,13.0,1.8,437.0,60.61,155.0,21.5,88.0,12.21,26.0,3.61,2031922,-22.425,-47.555,4,0,4,0,30,44,0,13.293333333333335,14.486666666666666,-1.1933333333333316,DADO HISTÓRICO,
SP,354390,RIO CLARO,2031922,UBS ORESTES ARMANDO GIOVANNI,,,,,,,,,839.0,SP,2023,10 a 19 anos,3.0,0.36,18.0,2.15,519.0,61.86,154.0,18.36,108.0,12.87,37.0,4.41,2031922,-22.425,-47.555,4,0,4,0,30,44,0,12.026666666666666,13.293333333333335,-1.2666666666666693,DADO HISTÓRICO,
SP,354390,RIO CLARO,2031922,UBS ORESTES ARMANDO GIOVANNI,,,,,,,,,997.0,SP,2024,10 a 19 anos,4.0,0.4,28.0,2.81,613.0,61.48,200.0,20.06,125.0,12.54,27.0,2.71,2031922,-22.425,-47.555,4,0,4,0,30,44,0,12.54,12.026666666666666,0.5133333333333336,DADO HISTÓRICO,
SP,354390,RIO CLARO,2031922,UBS ORESTES ARMANDO GIOVANNI,,,,,,,,,1.025,SP,2025,10 a 19 anos,5.0,0.49,32.0,3.12,624.0,60.88,201.0,19.61,134.0,13.07,29.0,2.83,2031922,-22.425,-47.555,4,0,4,0,30,44,0,12.826666666666666,12.54,0.28666666666666707,DADO HISTÓRICO,
SP,354390,RIO CLARO,2033186,UBS PSF DR GILSON GIOVANNI,,,,,,,,,30.0,SP,2018,10 a 19 anos,0.0,0.0,3.0,10.0,15.0,50.0,7.0,23.33,4.0,13.33,1.0,3.33,2033186,-22.418,-47.585,6,0,1,0,24,29,0,12.29,11.25,1.0399999999999991,DADO HISTÓRICO,
SP,354390,RIO CLARO,2033186,UBS PSF DR GILSON GIOVANNI,,,,,,,,,12.0,SP,2019,10 a 19 anos,0.0,0.0,0.0,0.0,6.0,50.0,3.0,25.0,3.0,25.0,0.0,0.0,2033186,-22.418,-47.585,6,0,1,0,24,29,0,16.526666666666667,12.29,4.236666666666668,DADO HISTÓRICO,
SP,354390,RIO CLARO,2033186,UBS PSF DR GILSON GIOVANNI,,,,,,,,,44.0,SP,2020,10 a 19 anos,0.0,0.0,2.0,4.55,23.0,52.27,11.0,25.0,6.0,13.64,2.0,4.55,2033186,-22.418,-47.585,6,0,1,0,24,29,0,17.323333333333334,16.526666666666667,0.7966666666666669,DADO HISTÓRICO,
SP,354390,RIO CLARO,2033186,UBS PSF DR GILSON GIOVANNI,,,,,,,,,35.0,SP,2021,10 a 19 anos,0.0,0.0,1.0,2.86,12.0,34.29,10.0,28.57,7.0,20.0,5.0,14.29,2033186,-22.418,-47.585,6,0,1,0,24,29,0,19.546666666666667,17.323333333333334,2.2233333333333327,DADO HISTÓRICO,
SP,354390,RIO CLARO,2033186,UBS PSF DR GILSON GIOVANNI,,,,,,,,,127.0,SP,2022,10 a 19 anos,0.0,0.0,0.0,0.0,72.0,56.69,30.0,23.62,18.0,14.17,7.0,5.51,2033186,-22.418,-47.585,6,0,1,0,24,29,0,15.936666666666667,19.546666666666667,-3.6099999999999994,DADO HISTÓRICO,
SP,354390,RIO CLARO,2033186,UBS PSF DR GILSON GIOVANNI,,,,,,,,,171.0,SP,2023,10 a 19 anos,0.0,0.0,3.0,1.75,92.0,53.8,39.0,22.81,30.0,17.54,7.0,4.09,2033186,-22.418,-47.585,6,0,1,0,24,29,0,17.236666666666668,15.936666666666667,1.3000000000000007,DADO HISTÓRICO,
SP,354390,RIO CLARO,2033186,UBS PSF DR GILSON GIOVANNI,,,,,,,,,212.0,SP,2024,10 a 19 anos,0.0,0.0,7.0,3.3,112.0,52.83,53.0,25.0,33.0,15.57,7.0,3.3,2033186,-22.418,-47.585,6,0,1,0,24,29,0,15.76,17.236666666666668,-1.4766666666666683,DADO HISTÓRICO,
SP,354390,RIO CLARO,2033186,UBS PSF DR GILSON GIOVANNI,,,,,,,,,165.0,SP,2025,10 a 19 anos,0.0,0.0,6.0,3.64,78.0,47.27,43.0,26.06,30.0,18.18,8.0,4.85,2033186,-22.418,-47.585,6,0,1,0,24,29,0,17.096666666666668,15.76,1.3366666666666678,DADO HISTÓRICO,
SP,354390,RIO CLARO,2049163,UBS PSF DE AJAPI FARMACEUTICO ANTONIO GILBERTO FONSECA,,,,,,,,,30.0,SP,2018,10 a 19 anos,0.0,0.0,0.0,0.0,20.0,66.67,3.0,10.0,4.0,13.33,3.0,10.0,2049163,-22.34,-47.565,0,0,0,0,0,0,0,16.665,20.0,-3.335000000000001,DADO HISTÓRICO,
SP,354390,RIO CLARO,2049163,UBS PSF DE AJAPI FARMACEUTICO ANTONIO GILBERTO FONSECA,,,,,,,,,13.0,SP,2019,10 a 19 anos,0.0,0.0,0.0,0.0,9.0,69.23,2.0,15.38,2.0,15.38,0.0,0.0,2049163,-22.34,-47.565,0,0,0,0,0,0,0,16.236666666666668,16.665,-0.428333333333331,DADO HISTÓRICO,
SP,354390,RIO CLARO,2049163,UBS PSF DE AJAPI FARMACEUTICO ANTONIO GILBERTO FONSECA,,,,,,,,,39.0,SP,2020,10 a 19 anos,0.0,0.0,0.0,0.0,27.0,69.23,6.0,15.38,4.0,10.26,2.0,5.13,2049163,-22.34,-47.565,0,0,0,0,0,0,0,12.99,16.236666666666668,-3.246666666666668,DADO HISTÓRICO,
SP,354390,RIO CLARO,2049163,UBS PSF DE AJAPI FARMACEUTICO ANTONIO GILBERTO FONSECA,,,,,,,,,115.0,SP,2021,10 a 19 anos,0.0,0.0,1.0,0.87,65.0,56.52,20.0,17.39,21.0,18.26,8.0,6.96,2049163,-22.34,-47.565,0,0,0,0,0,0,0,14.633333333333335,12.99,1.6433333333333344,DADO HISTÓRICO,
SP,354390,RIO CLARO,2049163,UBS PSF DE AJAPI FARMACEUTICO ANTONIO GILBERTO FONSECA,,,,,,,,,162.0,SP,2022,10 a 19 anos,0.0,0.0,1.0,0.62,97.0,59.88,31.0,19.14,25.0,15.43,8.0,4.94,2049163,-22.34,-47.565,0,0,0,0,0,0,0,14.65,14.633333333333335,0.01666666666666572,DADO HISTÓRICO,
SP,354390,RIO CLARO,2049163,UBS PSF DE AJAPI FARMACEUTICO ANTONIO GILBERTO FONSECA,,,,,,,,,167.0,SP,2023,10 a 19 anos,0.0,0.0,6.0,3.59,101.0,60.48,33.0,19.76,18.0,10.78,9.0,5.39,2049163,-22.34,-47.565,0,0,0,0,0,0,0,14.823333333333336,14.65,0.17333333333333556,DADO HISTÓRICO,
SP,354390,RIO CLARO,2049163,UBS PSF DE AJAPI FARMACEUTICO ANTONIO GILBERTO FONSECA,,,,,,,,,160.0,SP,2024,10 a 19 anos,0.0,0.0,3.0,1.88,94.0,58.75,29.0,18.13,25.0,15.63,9.0,5.63,2049163,-22.34,-47.565,0,0,0,0,0,0,0,13.946666666666667,14.823333333333336,-0.8766666666666687,DADO HISTÓRICO,
SP,354390,RIO CLARO,2049163,UBS PSF DE AJAPI FARMACEUTICO ANTONIO GILBERTO FONSECA,,,,,,,,,214.0,SP,2025,10 a 19 anos,3.0,1.4,2.0,0.93,120.0,56.07,31.0,14.49,39.0,18.22,19.0,8.88,2049163,-22.34,-47.565,0,0,0,0,0,0,0,14.876666666666665,13.946666666666667,0.9299999999999979,DADO HISTÓRICO,
SP,354390,RIO CLARO,2055821,UBS PSF DA ASSISTENCIA,,,,,,,,,4.0,SP,2018,10 a 19 anos,0.0,0.0,0.0,0.0,1.0,25.0,2.0,50.0,1.0,25.0,0.0,0.0,2055821,-22.43,-47.56,4,0,4,0,35,48,0,12.5,0.0,12.5,DADO HISTÓRICO,
SP,354390,RIO CLARO,2055821,UBS PSF DA ASSISTENCIA,,,,,,,,,2.0,SP,2019,10 a 19 anos,0.0,0.0,0.0,0.0,1.0,50.0,1.0,50.0,0.0,0.0,0.0,0.0,2055821,-22.43,-47.56,4,0,4,0,35,48,0,8.333333333333334,12.5,-4.166666666666666,DADO HISTÓRICO,
SP,354390,RIO CLARO,2055821,UBS PSF DA ASSISTENCIA,,,,,,,,,4.0,SP,2020,10 a 19 anos,0.0,0.0,0.0,0.0,2.0,50.0,1.0,25.0,1.0,25.0,0.0,0.0,2055821,-22.43,-47.56,4,0,4,0,35,48,0,16.666666666666668,8.333333333333334,8.333333333333334,DADO HISTÓRICO,
SP,354390,RIO CLARO,2055821,UBS PSF DA ASSISTENCIA,,,,,,,,,34.0,SP,2021,10 a 19 anos,0.0,0.0,1.0,2.94,19.0,55.88,5.0,14.71,9.0,26.47,0.0,0.0,2055821,-22.43,-47.56,4,0,4,0,35,48,0,17.156666666666666,16.666666666666668,0.48999999999999844,DADO HISTÓRICO,
SP,354390,RIO CLARO,2055821,UBS PSF DA ASSISTENCIA,,,,,,,,,62.0,SP,2022,10 a 19 anos,0.0,0.0,3.0,4.84,34.0,54.84,16.0,25.81,7.0,11.29,2.0,3.23,2055821,-22.43,-47.56,4,0,4,0,35,48,0,20.919999999999998,17.156666666666666,3.763333333333332,DADO HISTÓRICO,
SP,354390,RIO CLARO,2055821,UBS PSF DA ASSISTENCIA,,,,,,,,,81.0,SP,2023,10 a 19 anos,0.0,0.0,3.0,3.7,50.0,61.73,9.0,11.11,15.0,18.52,4.0,4.94,2055821,-22.43,-47.56,4,0,4,0,35,48,0,18.76,20.919999999999998,-2.1599999999999966,DADO HISTÓRICO,
SP,354390,RIO CLARO,2055821,UBS PSF DA ASSISTENCIA,,,,,,,,,68.0,SP,2024,10 a 19 anos,0.0,0.0,1.0,1.47,49.0,72.06,7.0,10.29,9.0,13.24,2.0,2.94,2055821,-22.43,-47.56,4,0,4,0,35,48,0,14.35,18.76,-4.410000000000002,DADO HISTÓRICO,
SP,354390,RIO CLARO,2055821,UBS PSF DA ASSISTENCIA,,,,,,,,,75.0,SP,2025,10 a 19 anos,0.0,0.0,2.0,2.67,44.0,58.67,16.0,21.33,10.0,13.33,3.0,4.0,2055821,-22.43,-47.56,4,0,4,0,35,48,0,15.030000000000001,14.35,0.6800000000000015,DADO HISTÓRICO,
SP,354390,RIO CLARO,2055902,UBS PSF CELIA AP CECCATO DA SILVA,,,,,,,,,66.0,SP,2018,10 a 19 anos,0.0,0.0,3.0,4.55,39.0,59.09,13.0,19.7,9.0,13.64,2.0,3.03,2055902,-22.402,-47.58,4,0,2,0,55,29,0,11.365,9.09,2.2750000000000004,DADO HISTÓRICO,
SP,354390,RIO CLARO,2055902,UBS PSF CELIA AP CECCATO DA SILVA,,,,,,,,,60.0,SP,2019,10 a 19 anos,1.0,1.67,2.0,3.33,35.0,58.33,18.0,30.0,3.0,5.0,1.0,1.67,2055902,-22.402,-47.58,4,0,2,0,55,29,0,9.243333333333334,11.365,-2.121666666666666,DADO HISTÓRICO,
SP,354390,RIO CLARO,2055902,UBS PSF CELIA AP CECCATO DA SILVA,,,,,,,,,52.0,SP,2020,10 a 19 anos,1.0,1.92,1.0,1.92,34.0,65.38,13.0,25.0,2.0,3.85,1.0,1.92,2055902,-22.402,-47.58,4,0,2,0,55,29,0,7.496666666666667,9.243333333333334,-1.746666666666667,DADO HISTÓRICO,
SP,354390,RIO CLARO,2055902,UBS PSF CELIA AP CECCATO DA SILVA,,,,,,,,,205.0,SP,2021,10 a 19 anos,2.0,0.98,4.0,1.95,124.0,60.49,41.0,20.0,25.0,12.2,9.0,4.39,2055902,-22.402,-47.58,4,0,2,0,55,29,0,7.016666666666666,7.496666666666667,-0.4800000000000013,DADO HISTÓRICO,
SP,354390,RIO CLARO,2055902,UBS PSF CELIA AP CECCATO DA SILVA,,,,,,,,,377.0,SP,2022,10 a 19 anos,5.0,1.33,17.0,4.51,230.0,61.01,69.0,18.3,44.0,11.67,12.0,3.18,2055902,-22.402,-47.58,4,0,2,0,55,29,0,9.24,7.016666666666666,2.2233333333333345,DADO HISTÓRICO,
SP,354390,RIO CLARO,2055902,UBS PSF CELIA AP CECCATO DA SILVA,,,,,,,,,531.0,SP,2023,10 a 19 anos,2.0,0.38,21.0,3.95,329.0,61.96,99.0,18.64,59.0,11.11,21.0,3.95,2055902,-22.402,-47.58,4,0,2,0,55,29,0,11.659999999999998,9.24,2.419999999999998,DADO HISTÓRICO,
SP,354390,RIO CLARO,2055902,UBS PSF CELIA AP CECCATO DA SILVA,,,,,,,,,559.0,SP,2024,10 a 19 anos,3.0,0.54,16.0,2.86,350.0,62.61,119.0,21.29,48.0,8.59,23.0,4.11,2055902,-22.402,-47.58,4,0,2,0,55,29,0,10.456666666666667,11.659999999999998,-1.2033333333333314,DADO HISTÓRICO,
SP,354390,RIO CLARO,2055902,UBS PSF CELIA AP CECCATO DA SILVA,,,,,,,,,604.0,SP,2025,10 a 19 anos,5.0,0.83,12.0,1.99,369.0,61.09,124.0,20.53,72.0,11.92,22.0,3.64,2055902,-22.402,-47.58,4,0,2,0,55,29,0,10.54,10.456666666666667,0.08333333333333215,DADO HISTÓRICO,
SP,354390,RIO CLARO,2060825,UBS DR SILVIO ARNALDO PIVA,,,,,,,,,20.0,SP,2018,10 a 19 anos,0.0,0.0,0.0,0.0,12.0,60.0,6.0,30.0,2.0,10.0,0.0,0.0,2060825,-22.421,-47.545,1,0,2,0,12,14,0,10.555,11.11,-0.5549999999999997,DADO HISTÓRICO,
SP,354390,RIO CLARO,2060825,UBS DR SILVIO ARNALDO PIVA,,,,,,,,,17.0,SP,2019,10 a 19 anos,0.0,0.0,0.0,0.0,10.0,58.82,4.0,23.53,3.0,17.65,0.0,0.0,2060825,-22.421,-47.545,1,0,2,0,12,14,0,12.92,10.555,2.365,DADO HISTÓRICO,
SP,354390,RIO CLARO,2060825,UBS DR SILVIO ARNALDO PIVA,,,,,,,,,1.0,SP,2020,10 a 19 anos,0.0,0.0,0.0,0.0,0.0,0.0,1.0,100.0,0.0,0.0,0.0,0.0,2060825,-22.421,-47.545,1,0,2,0,12,14,0,9.216666666666667,12.92,-3.703333333333333,DADO HISTÓRICO,
SP,354390,RIO CLARO,2060825,UBS DR SILVIO ARNALDO PIVA,,,,,,,,,69.0,SP,2021,10 a 19 anos,3.0,4.35,0.0,0.0,33.0,47.83,15.0,21.74,11.0,15.94,7.0,10.14,2060825,-22.421,-47.545,1,0,2,0,12,14,0,11.196666666666665,9.216666666666667,1.9799999999999986,DADO HISTÓRICO,
SP,354390,RIO CLARO,2060825,UBS DR SILVIO ARNALDO PIVA,,,,,,,,,181.0,SP,2022,10 a 19 anos,5.0,2.76,3.0,1.66,113.0,62.43,25.0,13.81,27.0,14.92,8.0,4.42,2060825,-22.421,-47.545,1,0,2,0,12,14,0,10.286666666666667,11.196666666666665,-0.9099999999999984,DADO HISTÓRICO,
SP,354390,RIO CLARO,2060825,UBS DR SILVIO ARNALDO PIVA,,,,,,,,,259.0,SP,2023,10 a 19 anos,1.0,0.39,10.0,3.86,145.0,55.98,60.0,23.17,33.0,12.74,10.0,3.86,2060825,-22.421,-47.545,1,0,2,0,12,14,0,14.533333333333333,10.286666666666667,4.246666666666666,DADO HISTÓRICO,
SP,354390,RIO CLARO,2060825,UBS DR SILVIO ARNALDO PIVA,,,,,,,,,260.0,SP,2024,10 a 19 anos,2.0,0.77,12.0,4.62,140.0,53.85,68.0,26.15,29.0,11.15,9.0,3.46,2060825,-22.421,-47.545,1,0,2,0,12,14,0,12.936666666666667,14.533333333333333,-1.5966666666666658,DADO HISTÓRICO,
SP,354390,RIO CLARO,2060825,UBS DR SILVIO ARNALDO PIVA,,,,,,,,,212.0,SP,2025,10 a 19 anos,0.0,0.0,11.0,5.19,116.0,54.72,52.0,24.53,29.0,13.68,4.0,1.89,2060825,-22.421,-47.545,1,0,2,0,12,14,0,12.523333333333333,12.936666666666667,-0.413333333333334,DADO HISTÓRICO,
SP,354390,RIO CLARO,2071940,UBS DR NICOLINO MAZZIOTTI JARDIM CERVEZAO,,,,,,,,,20.0,SP,2018,10 a 19 anos,1.0,5.0,1.0,5.0,14.0,70.0,4.0,20.0,0.0,0.0,0.0,0.0,2071940,-22.385,-47.558,9,1,4,5,73,58,0,7.355,14.71,-7.355,DADO HISTÓRICO,
SP,354390,RIO CLARO,2071940,UBS DR NICOLINO MAZZIOTTI JARDIM CERVEZAO,,,,,,,,,22.0,SP,2019,10 a 19 anos,0.0,0.0,1.0,4.55,14.0,63.64,3.0,13.64,4.0,18.18,0.0,0.0,2071940,-22.385,-47.558,9,1,4,5,73,58,0,10.963333333333333,7.355,3.6083333333333325,DADO HISTÓRICO,
SP,354390,RIO CLARO,2071940,UBS DR NICOLINO MAZZIOTTI JARDIM CERVEZAO,,,,,,,,,13.0,SP,2020,10 a 19 anos,1.0,7.69,0.0,0.0,8.0,61.54,2.0,15.38,2.0,15.38,0.0,0.0,2071940,-22.385,-47.558,9,1,4,5,73,58,0,11.186666666666667,10.963333333333333,0.2233333333333345,DADO HISTÓRICO,
SP,354390,RIO CLARO,2071940,UBS DR NICOLINO MAZZIOTTI JARDIM CERVEZAO,,,,,,,,,65.0,SP,2021,10 a 19 anos,1.0,1.54,0.0,0.0,43.0,66.15,13.0,20.0,7.0,10.77,1.0,1.54,2071940,-22.385,-47.558,9,1,4,5,73,58,0,14.776666666666666,11.186666666666667,3.589999999999998,DADO HISTÓRICO,
SP,354390,RIO CLARO,2071940,UBS DR NICOLINO MAZZIOTTI JARDIM CERVEZAO,,,,,,,,,172.0,SP,2022,10 a 19 anos,2.0,1.16,9.0,5.23,92.0,53.49,26.0,15.12,31.0,18.02,12.0,6.98,2071940,-22.385,-47.558,9,1,4,5,73,58,0,14.723333333333334,14.776666666666666,-0.05333333333333101,DADO HISTÓRICO,
SP,354390,RIO CLARO,2071940,UBS DR NICOLINO MAZZIOTTI JARDIM CERVEZAO,,,,,,,,,261.0,SP,2023,10 a 19 anos,6.0,2.3,7.0,2.68,148.0,56.7,50.0,19.16,37.0,14.18,13.0,4.98,2071940,-22.385,-47.558,9,1,4,5,73,58,0,14.323333333333332,14.723333333333334,-0.40000000000000213,DADO HISTÓRICO,
SP,354390,RIO CLARO,2071940,UBS DR NICOLINO MAZZIOTTI JARDIM CERVEZAO,,,,,,,,,302.0,SP,2024,10 a 19 anos,5.0,1.66,6.0,1.99,177.0,58.61,49.0,16.23,51.0,16.89,14.0,4.64,2071940,-22.385,-47.558,9,1,4,5,73,58,0,16.363333333333333,14.323333333333332,2.040000000000001,DADO HISTÓRICO,
SP,354390,RIO CLARO,2071940,UBS DR NICOLINO MAZZIOTTI JARDIM CERVEZAO,,,,,,,,,255.0,SP,2025,10 a 19 anos,2.0,0.78,5.0,1.96,158.0,61.96,43.0,16.86,34.0,13.33,13.0,5.1,2071940,-22.385,-47.558,9,1,4,5,73,58,0,14.799999999999999,16.363333333333333,-1.5633333333333344,DADO HISTÓRICO,
SP,354390,RIO CLARO,2074494,UBS DR ANTONIO RAPHAEL MINERVINO SANTOMAURO,,,,,,,,,50.0,SP,2018,10 a 19 anos,0.0,0.0,1.0,2.0,31.0,62.0,12.0,24.0,4.0,8.0,2.0,4.0,2074494,-22.415,-47.561,7,0,12,0,66,74,0,6.24,4.48,1.7599999999999998,DADO HISTÓRICO,
SP,354390,RIO CLARO,2074494,UBS DR ANTONIO RAPHAEL MINERVINO SANTOMAURO,,,,,,,,,38.0,SP,2019,10 a 19 anos,1.0,2.63,1.0,2.63,24.0,63.16,7.0,18.42,5.0,13.16,0.0,0.0,2074494,-22.415,-47.561,7,0,12,0,66,74,0,8.546666666666667,6.24,2.3066666666666666,DADO HISTÓRICO,
SP,354390,RIO CLARO,2074494,UBS DR ANTONIO RAPHAEL MINERVINO SANTOMAURO,,,,,,,,,38.0,SP,2020,10 a 19 anos,0.0,0.0,1.0,2.63,20.0,52.63,8.0,21.05,6.0,15.79,3.0,7.89,2074494,-22.415,-47.561,7,0,12,0,66,74,0,12.316666666666668,8.546666666666667,3.7700000000000014,DADO HISTÓRICO,
SP,354390,RIO CLARO,2074494,UBS DR ANTONIO RAPHAEL MINERVINO SANTOMAURO,,,,,,,,,141.0,SP,2021,10 a 19 anos,0.0,0.0,2.0,1.42,82.0,58.16,33.0,23.4,17.0,12.06,7.0,4.96,2074494,-22.415,-47.561,7,0,12,0,66,74,0,13.67,12.316666666666668,1.3533333333333317,DADO HISTÓRICO,
SP,354390,RIO CLARO,2074494,UBS DR ANTONIO RAPHAEL MINERVINO SANTOMAURO,,,,,,,,,133.0,SP,2022,10 a 19 anos,0.0,0.0,5.0,3.76,68.0,51.13,29.0,21.8,25.0,18.8,6.0,4.51,2074494,-22.415,-47.561,7,0,12,0,66,74,0,15.550000000000002,13.67,1.8800000000000026,DADO HISTÓRICO,
SP,354390,RIO CLARO,2074494,UBS DR ANTONIO RAPHAEL MINERVINO SANTOMAURO,,,,,,,,,187.0,SP,2023,10 a 19 anos,3.0,1.6,8.0,4.28,111.0,59.36,37.0,19.79,20.0,10.7,8.0,4.28,2074494,-22.415,-47.561,7,0,12,0,66,74,0,13.853333333333333,15.550000000000002,-1.696666666666669,DADO HISTÓRICO,
SP,354390,RIO CLARO,2074494,UBS DR ANTONIO RAPHAEL MINERVINO SANTOMAURO,,,,,,,,,210.0,SP,2024,10 a 19 anos,1.0,0.48,6.0,2.86,125.0,59.52,45.0,21.43,24.0,11.43,9.0,4.29,2074494,-22.415,-47.561,7,0,12,0,66,74,0,13.643333333333333,13.853333333333333,-0.21000000000000085,DADO HISTÓRICO,
SP,354390,RIO CLARO,2074494,UBS DR ANTONIO RAPHAEL MINERVINO SANTOMAURO,,,,,,,,,277.0,SP,2025,10 a 19 anos,3.0,1.08,10.0,3.61,156.0,56.32,57.0,20.58,42.0,15.16,9.0,3.25,2074494,-22.415,-47.561,7,0,12,0,66,74,0,12.430000000000001,13.643333333333333,-1.2133333333333312,DADO HISTÓRICO,
SP,354390,RIO CLARO,2085097,UBS PSF PQUE MAE PRETA DR EDUARDO REIS,,,,,,,,,11.0,SP,2019,10 a 19 anos,0.0,0.0,1.0,9.09,7.0,63.64,2.0,18.18,1.0,9.09,0.0,0.0,2085097,-22.38,-47.545,8,1,5,2,37,46,0,14.22,19.35,-5.130000000000001,DADO HISTÓRICO,
SP,354390,RIO CLARO,2085097,UBS PSF PQUE MAE PRETA DR EDUARDO REIS,,,,,,,,,30.0,SP,2020,10 a 19 anos,0.0,0.0,1.0,3.33,17.0,56.67,8.0,26.67,3.0,10.0,1.0,3.33,2085097,-22.38,-47.545,8,1,5,2,37,46,0,12.813333333333333,14.22,-1.406666666666668,DADO HISTÓRICO,
SP,354390,RIO CLARO,2085097,UBS PSF PQUE MAE PRETA DR EDUARDO REIS,,,,,,,,,97.0,SP,2021,10 a 19 anos,1.0,1.03,3.0,3.09,52.0,53.61,19.0,19.59,15.0,15.46,7.0,7.22,2085097,-22.38,-47.545,8,1,5,2,37,46,0,11.516666666666666,12.813333333333333,-1.2966666666666669,DADO HISTÓRICO,
SP,354390,RIO CLARO,2085097,UBS PSF PQUE MAE PRETA DR EDUARDO REIS,,,,,,,,,167.0,SP,2022,10 a 19 anos,2.0,1.2,3.0,1.8,87.0,52.1,38.0,22.75,28.0,16.77,9.0,5.39,2085097,-22.38,-47.545,8,1,5,2,37,46,0,14.076666666666668,11.516666666666666,2.5600000000000023,DADO HISTÓRICO,
SP,354390,RIO CLARO,2085097,UBS PSF PQUE MAE PRETA DR EDUARDO REIS,,,,,,,,,389.0,SP,2023,10 a 19 anos,2.0,0.51,5.0,1.29,238.0,61.18,79.0,20.31,53.0,13.62,12.0,3.08,2085097,-22.38,-47.545,8,1,5,2,37,46,0,15.283333333333333,14.076666666666668,1.2066666666666652,DADO HISTÓRICO,
SP,354390,RIO CLARO,2085097,UBS PSF PQUE MAE PRETA DR EDUARDO REIS,,,,,,,,,365.0,SP,2024,10 a 19 anos,0.0,0.0,8.0,2.19,207.0,56.71,83.0,22.74,46.0,12.6,21.0,5.75,2085097,-22.38,-47.545,8,1,5,2,37,46,0,14.329999999999998,15.283333333333333,-0.9533333333333349,DADO HISTÓRICO,
SP,354390,RIO CLARO,2085097,UBS PSF PQUE MAE PRETA DR EDUARDO REIS,,,,,,,,,295.0,SP,2025,10 a 19 anos,3.0,1.02,3.0,1.02,167.0,56.61,59.0,20.0,47.0,15.93,16.0,5.42,2085097,-22.38,-47.545,8,1,5,2,37,46,0,14.049999999999999,14.329999999999998,-0.27999999999999936,DADO HISTÓRICO,
SP,354390,RIO CLARO,3347087,UBS PSF DR DIRCEU FERREIRA PENTEADO,,,,,,,,,38.0,SP,2018,10 a 19 anos,0.0,0.0,2.0,5.26,28.0,73.68,6.0,15.79,2.0,5.26,0.0,0.0,3347087,-22.435,-47.55,0,0,0,0,12,9,0,5.01,4.76,0.25,DADO HISTÓRICO,
SP,354390,RIO CLARO,3347087,UBS PSF DR DIRCEU FERREIRA PENTEADO,,,,,,,,,7.0,SP,2019,10 a 19 anos,1.0,14.29,0.0,0.0,4.0,57.14,0.0,0.0,1.0,14.29,1.0,14.29,3347087,-22.435,-47.55,0,0,0,0,12,9,0,8.103333333333333,5.01,3.0933333333333337,DADO HISTÓRICO,
SP,354390,RIO CLARO,3347087,UBS PSF DR DIRCEU FERREIRA PENTEADO,,,,,,,,,7.0,SP,2020,10 a 19 anos,0.0,0.0,0.0,0.0,5.0,71.43,0.0,0.0,1.0,14.29,1.0,14.29,3347087,-22.435,-47.55,0,0,0,0,12,9,0,11.28,8.103333333333333,3.176666666666666,DADO HISTÓRICO,
SP,354390,RIO CLARO,3347087,UBS PSF DR DIRCEU FERREIRA PENTEADO,,,,,,,,,47.0,SP,2021,10 a 19 anos,1.0,2.13,0.0,0.0,22.0,46.81,15.0,31.91,8.0,17.02,1.0,2.13,3347087,-22.435,-47.55,0,0,0,0,12,9,0,15.199999999999998,11.28,3.919999999999998,DADO HISTÓRICO,
SP,354390,RIO CLARO,3347087,UBS PSF DR DIRCEU FERREIRA PENTEADO,,,,,,,,,202.0,SP,2022,10 a 19 anos,3.0,1.49,5.0,2.48,120.0,59.41,36.0,17.82,27.0,13.37,11.0,5.45,3347087,-22.435,-47.55,0,0,0,0,12,9,0,14.893333333333333,15.199999999999998,-0.30666666666666487,DADO HISTÓRICO,
SP,354390,RIO CLARO,3347087,UBS PSF DR DIRCEU FERREIRA PENTEADO,,,,,,,,,230.0,SP,2023,10 a 19 anos,1.0,0.43,6.0,2.61,143.0,62.17,44.0,19.13,29.0,12.61,7.0,3.04,3347087,-22.435,-47.55,0,0,0,0,12,9,0,14.333333333333334,14.893333333333333,-0.5599999999999987,DADO HISTÓRICO,
SP,354390,RIO CLARO,3347087,UBS PSF DR DIRCEU FERREIRA PENTEADO,,,,,,,,,228.0,SP,2024,10 a 19 anos,2.0,0.88,13.0,5.7,132.0,57.89,45.0,19.74,28.0,12.28,8.0,3.51,3347087,-22.435,-47.55,0,0,0,0,12,9,0,12.753333333333332,14.333333333333334,-1.5800000000000018,DADO HISTÓRICO,
SP,354390,RIO CLARO,3347087,UBS PSF DR DIRCEU FERREIRA PENTEADO,,,,,,,,,232.0,SP,2025,10 a 19 anos,3.0,1.29,9.0,3.88,121.0,52.16,53.0,22.84,36.0,15.52,10.0,4.31,3347087,-22.435,-47.55,0,0,0,0,12,9,0,13.469999999999999,12.753333333333332,0.7166666666666668,DADO HISTÓRICO,
SP,354390,RIO CLARO,3355519,UBS PSF DR NORBERTO ANTONIO SIMAO CARNEIRO,,,,,,,,,16.0,SP,2018,10 a 19 anos,0.0,0.0,1.0,6.25,9.0,56.25,3.0,18.75,1.0,6.25,2.0,12.5,3355519,-22.42,-47.53,0,0,0,0,0,0,0,7.67,9.09,-1.42,DADO HISTÓRICO,
SP,354390,RIO CLARO,3355519,UBS PSF DR NORBERTO ANTONIO SIMAO CARNEIRO,,,,,,,,,22.0,SP,2019,10 a 19 anos,0.0,0.0,1.0,4.55,14.0,63.64,1.0,4.55,5.0,22.73,1.0,4.55,3355519,-22.42,-47.53,0,0,0,0,0,0,0,12.69,7.67,5.02,DADO HISTÓRICO,
SP,354390,RIO CLARO,3355519,UBS PSF DR NORBERTO ANTONIO SIMAO CARNEIRO,,,,,,,,,27.0,SP,2020,10 a 19 anos,0.0,0.0,0.0,0.0,19.0,70.37,4.0,14.81,3.0,11.11,1.0,3.7,3355519,-22.42,-47.53,0,0,0,0,0,0,0,13.363333333333335,12.69,0.6733333333333356,DADO HISTÓRICO,
SP,354390,RIO CLARO,3355519,UBS PSF DR NORBERTO ANTONIO SIMAO CARNEIRO,,,,,,,,,37.0,SP,2021,10 a 19 anos,0.0,0.0,2.0,5.41,21.0,56.76,12.0,32.43,2.0,5.41,0.0,0.0,3355519,-22.42,-47.53,0,0,0,0,0,0,0,13.083333333333334,13.363333333333335,-0.28000000000000114,DADO HISTÓRICO,
SP,354390,RIO CLARO,3355519,UBS PSF DR NORBERTO ANTONIO SIMAO CARNEIRO,,,,,,,,,91.0,SP,2022,10 a 19 anos,0.0,0.0,6.0,6.59,54.0,59.34,13.0,14.29,13.0,14.29,5.0,5.49,3355519,-22.42,-47.53,0,0,0,0,0,0,0,10.27,13.083333333333334,-2.8133333333333344,DADO HISTÓRICO,
SP,354390,RIO CLARO,3355519,UBS PSF DR NORBERTO ANTONIO SIMAO CARNEIRO,,,,,,,,,125.0,SP,2023,10 a 19 anos,1.0,0.8,6.0,4.8,77.0,61.6,22.0,17.6,18.0,14.4,1.0,0.8,3355519,-22.42,-47.53,0,0,0,0,0,0,0,11.366666666666667,10.27,1.0966666666666676,DADO HISTÓRICO,
SP,354390,RIO CLARO,3355519,UBS PSF DR NORBERTO ANTONIO SIMAO CARNEIRO,,,,,,,,,167.0,SP,2024,10 a 19 anos,1.0,0.6,5.0,2.99,107.0,64.07,34.0,20.36,17.0,10.18,3.0,1.8,3355519,-22.42,-47.53,0,0,0,0,0,0,0,12.956666666666665,11.366666666666667,1.589999999999998,DADO HISTÓRICO,
SP,354390,RIO CLARO,3355519,UBS PSF DR NORBERTO ANTONIO SIMAO CARNEIRO,,,,,,,,,175.0,SP,2025,10 a 19 anos,0.0,0.0,4.0,2.29,115.0,65.71,29.0,16.57,23.0,13.14,4.0,2.29,3355519,-22.42,-47.53,0,0,0,0,0,0,0,12.573333333333332,12.956666666666665,-0.38333333333333286,DADO HISTÓRICO,
SP,354390,RIO CLARO,5733022,UBS PSF DR CELESTINO DONATO,,,,,,,,,13.0,SP,2018,10 a 19 anos,0.0,0.0,0.0,0.0,4.0,30.77,5.0,38.46,2.0,15.38,2.0,15.38,5733022,-22.41,-47.54,1,0,0,0,13,1,0,7.69,0.0,7.69,DADO HISTÓRICO,
SP,354390,RIO CLARO,5733022,UBS PSF DR CELESTINO DONATO,,,,,,,,,15.0,SP,2019,10 a 19 anos,0.0,0.0,1.0,6.67,8.0,53.33,3.0,20.0,2.0,13.33,1.0,6.67,5733022,-22.41,-47.54,1,0,0,0,13,1,0,9.57,7.69,1.88,DADO HISTÓRICO,
SP,354390,RIO CLARO,5733022,UBS PSF DR CELESTINO DONATO,,,,,,,,,21.0,SP,2020,10 a 19 anos,1.0,4.76,0.0,0.0,10.0,47.62,4.0,19.05,5.0,23.81,1.0,4.76,5733022,-22.41,-47.54,1,0,0,0,13,1,0,17.506666666666664,9.57,7.936666666666664,DADO HISTÓRICO,
SP,354390,RIO CLARO,5733022,UBS PSF DR CELESTINO DONATO,,,,,,,,,85.0,SP,2021,10 a 19 anos,1.0,1.18,7.0,8.24,56.0,65.88,11.0,12.94,8.0,9.41,2.0,2.35,5733022,-22.41,-47.54,1,0,0,0,13,1,0,15.516666666666666,17.506666666666664,-1.9899999999999984,DADO HISTÓRICO,
SP,354390,RIO CLARO,5733022,UBS PSF DR CELESTINO DONATO,,,,,,,,,54.0,SP,2022,10 a 19 anos,0.0,0.0,8.0,14.81,20.0,37.04,13.0,24.07,9.0,16.67,4.0,7.41,5733022,-22.41,-47.54,1,0,0,0,13,1,0,16.63,15.516666666666666,1.1133333333333333,DADO HISTÓRICO,
SP,354390,RIO CLARO,5733022,UBS PSF DR CELESTINO DONATO,,,,,,,,,73.0,SP,2023,10 a 19 anos,2.0,2.74,0.0,0.0,44.0,60.27,11.0,15.07,12.0,16.44,4.0,5.48,5733022,-22.41,-47.54,1,0,0,0,13,1,0,14.173333333333334,16.63,-2.456666666666665,DADO HISTÓRICO,
SP,354390,RIO CLARO,5733022,UBS PSF DR CELESTINO DONATO,,,,,,,,,50.0,SP,2024,10 a 19 anos,1.0,2.0,1.0,2.0,32.0,64.0,8.0,16.0,6.0,12.0,2.0,4.0,5733022,-22.41,-47.54,1,0,0,0,13,1,0,15.036666666666667,14.173333333333334,0.8633333333333333,DADO HISTÓRICO,
SP,354390,RIO CLARO,5733022,UBS PSF DR CELESTINO DONATO,,,,,,,,,69.0,SP,2025,10 a 19 anos,1.0,1.45,0.0,0.0,46.0,66.67,15.0,21.74,6.0,8.7,1.0,1.45,5733022,-22.41,-47.54,1,0,0,0,13,1,0,12.38,15.036666666666667,-2.6566666666666663,DADO HISTÓRICO,
SP,354390,RIO CLARO,5870755,UBS PSF DR MOACIR DE OLIVEIRA CAMARGO,,,,,,,,,22.0,SP,2018,10 a 19 anos,0.0,0.0,2.0,9.09,12.0,54.55,3.0,13.64,3.0,13.64,2.0,9.09,5870755,-22.405,-47.55,1,0,3,0,40,34,0,10.985,8.33,2.6549999999999994,DADO HISTÓRICO,
SP,354390,RIO CLARO,5870755,UBS PSF DR MOACIR DE OLIVEIRA CAMARGO,,,,,,,,,10.0,SP,2019,10 a 19 anos,0.0,0.0,1.0,10.0,5.0,50.0,2.0,20.0,2.0,20.0,0.0,0.0,5870755,-22.405,-47.55,1,0,3,0,40,34,0,13.99,10.985,3.005000000000001,DADO HISTÓRICO,
SP,354390,RIO CLARO,5870755,UBS PSF DR MOACIR DE OLIVEIRA CAMARGO,,,,,,,,,17.0,SP,2020,10 a 19 anos,0.0,0.0,1.0,5.88,8.0,47.06,3.0,17.65,4.0,23.53,1.0,5.88,5870755,-22.405,-47.55,1,0,3,0,40,34,0,19.05666666666667,13.99,5.066666666666668,DADO HISTÓRICO,
SP,354390,RIO CLARO,5870755,UBS PSF DR MOACIR DE OLIVEIRA CAMARGO,,,,,,,,,51.0,SP,2021,10 a 19 anos,1.0,1.96,1.0,1.96,27.0,52.94,9.0,17.65,10.0,19.61,3.0,5.88,5870755,-22.405,-47.55,1,0,3,0,40,34,0,21.046666666666667,19.05666666666667,1.9899999999999984,DADO HISTÓRICO,
SP,354390,RIO CLARO,5870755,UBS PSF DR MOACIR DE OLIVEIRA CAMARGO,,,,,,,,,101.0,SP,2022,10 a 19 anos,1.0,0.99,1.0,0.99,68.0,67.33,16.0,15.84,12.0,11.88,3.0,2.97,5870755,-22.405,-47.55,1,0,3,0,40,34,0,18.34,21.046666666666667,-2.706666666666667,DADO HISTÓRICO,
SP,354390,RIO CLARO,5870755,UBS PSF DR MOACIR DE OLIVEIRA CAMARGO,,,,,,,,,126.0,SP,2023,10 a 19 anos,2.0,1.59,1.0,0.79,83.0,65.87,25.0,19.84,8.0,6.35,7.0,5.56,5870755,-22.405,-47.55,1,0,3,0,40,34,0,12.613333333333335,18.34,-5.726666666666665,DADO HISTÓRICO,
SP,354390,RIO CLARO,5870755,UBS PSF DR MOACIR DE OLIVEIRA CAMARGO,,,,,,,,,150.0,SP,2024,10 a 19 anos,1.0,0.67,4.0,2.67,93.0,62.0,25.0,16.67,18.0,12.0,9.0,6.0,5870755,-22.405,-47.55,1,0,3,0,40,34,0,10.076666666666666,12.613333333333335,-2.536666666666669,DADO HISTÓRICO,
SP,354390,RIO CLARO,5870755,UBS PSF DR MOACIR DE OLIVEIRA CAMARGO,,,,,,,,,130.0,SP,2025,10 a 19 anos,1.0,0.77,6.0,4.62,79.0,60.77,21.0,16.15,19.0,14.62,4.0,3.08,5870755,-22.405,-47.55,1,0,3,0,40,34,0,10.99,10.076666666666666,0.913333333333334,DADO HISTÓRICO,
SP,354390,RIO CLARO,5981921,UBS PSF DR OSWALDO AKAMINE,,,,,,,,,9.0,SP,2018,10 a 19 anos,0.0,0.0,0.0,0.0,5.0,55.56,1.0,11.11,2.0,22.22,1.0,11.11,5981921,-22.39,-47.54,5,1,2,1,19,18,0,17.36,12.5,4.859999999999999,DADO HISTÓRICO,
SP,354390,RIO CLARO,5981921,UBS PSF DR OSWALDO AKAMINE,,,,,,,,,8.0,SP,2019,10 a 19 anos,0.0,0.0,0.0,0.0,4.0,50.0,1.0,12.5,2.0,25.0,1.0,12.5,5981921,-22.39,-47.54,5,1,2,1,19,18,0,19.906666666666666,17.36,2.546666666666667,DADO HISTÓRICO,
SP,354390,RIO CLARO,5981921,UBS PSF DR OSWALDO AKAMINE,,,,,,,,,6.0,SP,2020,10 a 19 anos,1.0,16.67,0.0,0.0,4.0,66.67,0.0,0.0,0.0,0.0,1.0,16.67,5981921,-22.39,-47.54,5,1,2,1,19,18,0,15.74,19.906666666666666,-4.166666666666666,DADO HISTÓRICO,
SP,354390,RIO CLARO,5981921,UBS PSF DR OSWALDO AKAMINE,,,,,,,,,30.0,SP,2021,10 a 19 anos,0.0,0.0,0.0,0.0,18.0,60.0,5.0,16.67,5.0,16.67,2.0,6.67,5981921,-22.39,-47.54,5,1,2,1,19,18,0,13.89,15.74,-1.8499999999999996,DADO HISTÓRICO,
SP,354390,RIO CLARO,5981921,UBS PSF DR OSWALDO AKAMINE,,,,,,,,,82.0,SP,2022,10 a 19 anos,0.0,0.0,1.0,1.22,53.0,64.63,11.0,13.41,11.0,13.41,6.0,7.32,5981921,-22.39,-47.54,5,1,2,1,19,18,0,10.026666666666667,13.89,-3.8633333333333333,DADO HISTÓRICO,
SP,354390,RIO CLARO,5981921,UBS PSF DR OSWALDO AKAMINE,,,,,,,,,120.0,SP,2023,10 a 19 anos,0.0,0.0,1.0,0.83,79.0,65.83,23.0,19.17,10.0,8.33,7.0,5.83,5981921,-22.39,-47.54,5,1,2,1,19,18,0,12.803333333333335,10.026666666666667,2.7766666666666673,DADO HISTÓRICO,
SP,354390,RIO CLARO,5981921,UBS PSF DR OSWALDO AKAMINE,,,,,,,,,89.0,SP,2024,10 a 19 anos,1.0,1.12,1.0,1.12,52.0,58.43,23.0,25.84,9.0,10.11,3.0,3.37,5981921,-22.39,-47.54,5,1,2,1,19,18,0,10.616666666666667,12.803333333333335,-2.1866666666666674,DADO HISTÓRICO,
SP,354390,RIO CLARO,5981921,UBS PSF DR OSWALDO AKAMINE,,,,,,,,,123.0,SP,2025,10 a 19 anos,0.0,0.0,2.0,1.63,66.0,53.66,31.0,25.2,16.0,13.01,8.0,6.5,5981921,-22.39,-47.54,5,1,2,1,19,18,0,10.483333333333333,10.616666666666667,-0.13333333333333464,DADO HISTÓRICO,
SP,354390,RIO CLARO,7045395,UBS PSF DR EMILIO BELTRATI JUNIOR,,,,,,,,,45.0,SP,2018,10 a 19 anos,0.0,0.0,0.0,0.0,29.0,64.44,8.0,17.78,7.0,15.56,1.0,2.22,7045395,-22.44,-47.57,2,0,0,0,20,28,0,12.245000000000001,8.93,3.3150000000000013,DADO HISTÓRICO,
SP,354390,RIO CLARO,7045395,UBS PSF DR EMILIO BELTRATI JUNIOR,,,,,,,,,69.0,SP,2019,10 a 19 anos,0.0,0.0,5.0,7.25,40.0,57.97,13.0,18.84,9.0,13.04,2.0,2.9,7045395,-22.44,-47.57,2,0,0,0,20,28,0,12.51,12.245000000000001,0.2649999999999988,DADO HISTÓRICO,
SP,354390,RIO CLARO,7045395,UBS PSF DR EMILIO BELTRATI JUNIOR,,,,,,,,,28.0,SP,2020,10 a 19 anos,1.0,3.57,1.0,3.57,12.0,42.86,9.0,32.14,4.0,14.29,1.0,3.57,7045395,-22.44,-47.57,2,0,0,0,20,28,0,14.296666666666667,12.51,1.786666666666667,DADO HISTÓRICO,
SP,354390,RIO CLARO,7045395,UBS PSF DR EMILIO BELTRATI JUNIOR,,,,,,,,,223.0,SP,2021,10 a 19 anos,2.0,0.9,8.0,3.59,121.0,54.26,56.0,25.11,24.0,10.76,12.0,5.38,7045395,-22.44,-47.57,2,0,0,0,20,28,0,12.696666666666665,14.296666666666667,-1.6000000000000014,DADO HISTÓRICO,
SP,354390,RIO CLARO,7045395,UBS PSF DR EMILIO BELTRATI JUNIOR,,,,,,,,,341.0,SP,2022,10 a 19 anos,8.0,2.35,7.0,2.05,206.0,60.41,69.0,20.23,38.0,11.14,13.0,3.81,7045395,-22.44,-47.57,2,0,0,0,20,28,0,12.063333333333333,12.696666666666665,-0.6333333333333329,DADO HISTÓRICO,
SP,354390,RIO CLARO,7045395,UBS PSF DR EMILIO BELTRATI JUNIOR,,,,,,,,,490.0,SP,2023,10 a 19 anos,6.0,1.22,9.0,1.84,317.0,64.69,93.0,18.98,51.0,10.41,14.0,2.86,7045395,-22.44,-47.57,2,0,0,0,20,28,0,10.770000000000001,12.063333333333333,-1.2933333333333312,DADO HISTÓRICO,
SP,354390,RIO CLARO,7045395,UBS PSF DR EMILIO BELTRATI JUNIOR,,,,,,,,,511.0,SP,2024,10 a 19 anos,6.0,1.17,13.0,2.54,289.0,56.56,106.0,20.74,81.0,15.85,16.0,3.13,7045395,-22.44,-47.57,2,0,0,0,20,28,0,12.466666666666667,10.770000000000001,1.6966666666666654,DADO HISTÓRICO,
SP,354390,RIO CLARO,7045395,UBS PSF DR EMILIO BELTRATI JUNIOR,,,,,,,,,504.0,SP,2025,10 a 19 anos,1.0,0.2,10.0,1.98,299.0,59.33,97.0,19.25,74.0,14.68,23.0,4.56,7045395,-22.44,-47.57,2,0,0,0,20,28,0,13.646666666666667,12.466666666666667,1.1799999999999997,DADO HISTÓRICO,
SP,354390,RIO CLARO,7427077,USF JD PROGRESSO JOSE CARLOS DA SILVA,,,,,,,,,10.0,SP,2018,10 a 19 anos,0.0,0.0,0.0,0.0,9.0,90.0,1.0,10.0,0.0,0.0,0.0,0.0,7427077,-22.388,-47.565,8,0,4,4,74,57,0,5.555,11.11,-5.555,DADO HISTÓRICO,
SP,354390,RIO CLARO,7427077,USF JD PROGRESSO JOSE CARLOS DA SILVA,,,,,,,,,2.0,SP,2019,10 a 19 anos,0.0,0.0,0.0,0.0,1.0,50.0,0.0,0.0,1.0,50.0,0.0,0.0,7427077,-22.388,-47.565,8,0,4,4,74,57,0,20.37,5.555,14.815000000000001,DADO HISTÓRICO,
SP,354390,RIO CLARO,7427077,USF JD PROGRESSO JOSE CARLOS DA SILVA,,,,,,,,,1.0,SP,2020,10 a 19 anos,0.0,0.0,0.0,0.0,0.0,0.0,1.0,100.0,0.0,0.0,0.0,0.0,7427077,-22.388,-47.565,8,0,4,4,74,57,0,16.666666666666668,20.37,-3.703333333333333,DADO HISTÓRICO,
SP,354390,RIO CLARO,7427077,USF JD PROGRESSO JOSE CARLOS DA SILVA,,,,,,,,,63.0,SP,2021,10 a 19 anos,0.0,0.0,0.0,0.0,38.0,60.32,13.0,20.63,6.0,9.52,6.0,9.52,7427077,-22.388,-47.565,8,0,4,4,74,57,0,19.84,16.666666666666668,3.173333333333332,DADO HISTÓRICO,
SP,354390,RIO CLARO,7427077,USF JD PROGRESSO JOSE CARLOS DA SILVA,,,,,,,,,120.0,SP,2022,10 a 19 anos,1.0,0.83,2.0,1.67,76.0,63.33,26.0,21.67,10.0,8.33,5.0,4.17,7427077,-22.388,-47.565,8,0,4,4,74,57,0,5.95,19.84,-13.89,DADO HISTÓRICO,
SP,354390,RIO CLARO,7427077,USF JD PROGRESSO JOSE CARLOS DA SILVA,,,,,,,,,141.0,SP,2023,10 a 19 anos,0.0,0.0,3.0,2.13,90.0,63.83,29.0,20.57,17.0,12.06,2.0,1.42,7427077,-22.388,-47.565,8,0,4,4,74,57,0,9.97,5.95,4.0200000000000005,DADO HISTÓRICO,
SP,354390,RIO CLARO,7427077,USF JD PROGRESSO JOSE CARLOS DA SILVA,,,,,,,,,129.0,SP,2024,10 a 19 anos,0.0,0.0,3.0,2.33,91.0,70.54,15.0,11.63,16.0,12.4,4.0,3.1,7427077,-22.388,-47.565,8,0,4,4,74,57,0,10.93,9.97,0.9599999999999991,DADO HISTÓRICO,
SP,354390,RIO CLARO,7427077,USF JD PROGRESSO JOSE CARLOS DA SILVA,,,,,,,,,106.0,SP,2025,10 a 19 anos,0.0,0.0,0.0,0.0,60.0,56.6,26.0,24.53,14.0,13.21,6.0,5.66,7427077,-22.388,-47.565,8,0,4,4,74,57,0,12.556666666666667,10.93,1.626666666666667,DADO HISTÓRICO,
SP,354390,RIO CLARO,9422005,UBS PSF JARDIM SANTA ELIZA,,,,,,,,,4.0,SP,2019,10 a 19 anos,0.0,0.0,0.0,0.0,3.0,75.0,1.0,25.0,0.0,0.0,0.0,0.0,9422005,-22.395,-47.57,6,0,4,2,69,48,0,0.0,0.0,0.0,DADO HISTÓRICO,
SP,354390,RIO CLARO,9422005,UBS PSF JARDIM SANTA ELIZA,,,,,,,,,17.0,SP,2020,10 a 19 anos,0.0,0.0,1.0,5.88,9.0,52.94,3.0,17.65,2.0,11.76,2.0,11.76,9422005,-22.395,-47.57,6,0,4,2,69,48,0,3.92,0.0,3.92,DADO HISTÓRICO,
SP,354390,RIO CLARO,9422005,UBS PSF JARDIM SANTA ELIZA,,,,,,,,,48.0,SP,2021,10 a 19 anos,0.0,0.0,2.0,4.17,23.0,47.92,7.0,14.58,9.0,18.75,7.0,14.58,9422005,-22.395,-47.57,6,0,4,2,69,48,0,10.17,3.92,6.25,DADO HISTÓRICO,
SP,354390,RIO CLARO,9422005,UBS PSF JARDIM SANTA ELIZA,,,,,,,,,110.0,SP,2022,10 a 19 anos,1.0,0.91,2.0,1.82,71.0,64.55,19.0,17.27,13.0,11.82,4.0,3.64,9422005,-22.395,-47.57,6,0,4,2,69,48,0,14.11,10.17,3.9399999999999995,DADO HISTÓRICO,
SP,354390,RIO CLARO,9422005,UBS PSF JARDIM SANTA ELIZA,,,,,,,,,49.0,SP,2023,10 a 19 anos,1.0,2.04,2.0,4.08,26.0,53.06,7.0,14.29,12.0,24.49,1.0,2.04,9422005,-22.395,-47.57,6,0,4,2,69,48,0,18.353333333333335,14.11,4.243333333333336,DADO HISTÓRICO,
SP,354390,RIO CLARO,9422005,UBS PSF JARDIM SANTA ELIZA,,,,,,,,,126.0,SP,2024,10 a 19 anos,0.0,0.0,4.0,3.17,82.0,65.08,16.0,12.7,21.0,16.67,3.0,2.38,9422005,-22.395,-47.57,6,0,4,2,69,48,0,17.66,18.353333333333335,-0.6933333333333351,DADO HISTÓRICO,
SP,354390,RIO CLARO,9422005,UBS PSF JARDIM SANTA ELIZA,,,,,,,,,132.0,SP,2025,10 a 19 anos,0.0,0.0,10.0,7.58,79.0,59.85,24.0,18.18,13.0,9.85,6.0,4.55,9422005,-22.395,-47.57,6,0,4,2,69,48,0,17.003333333333334,17.66,-0.6566666666666663,DADO HISTÓRICO,
SP,354390,RIO CLARO,9428992,USF JARDIM SAO MIGUEL JORCELINO QUINTINO DE FARIA,,,,,,,,,9.0,SP,2020,10 a 19 anos,0.0,0.0,0.0,0.0,6.0,66.67,3.0,33.33,0.0,0.0,0.0,0.0,9428992,-22.415,-47.58,3,0,2,0,41,33,0,0.0,0.0,0.0,DADO HISTÓRICO,
SP,354390,RIO CLARO,9428992,USF JARDIM SAO MIGUEL JORCELINO QUINTINO DE FARIA,,,,,,,,,41.0,SP,2021,10 a 19 anos,0.0,0.0,1.0,2.44,22.0,53.66,9.0,21.95,7.0,17.07,2.0,4.88,9428992,-22.415,-47.58,3,0,2,0,41,33,0,5.69,0.0,5.69,DADO HISTÓRICO,
SP,354390,RIO CLARO,9428992,USF JARDIM SAO MIGUEL JORCELINO QUINTINO DE FARIA,,,,,,,,,61.0,SP,2022,10 a 19 anos,0.0,0.0,1.0,1.64,31.0,50.82,15.0,24.59,7.0,11.48,7.0,11.48,9428992,-22.415,-47.58,3,0,2,0,41,33,0,9.516666666666667,5.69,3.826666666666667,DADO HISTÓRICO,
SP,354390,RIO CLARO,9428992,USF JARDIM SAO MIGUEL JORCELINO QUINTINO DE FARIA,,,,,,,,,83.0,SP,2023,10 a 19 anos,0.0,0.0,2.0,2.41,45.0,54.22,20.0,24.1,11.0,13.25,5.0,6.02,9428992,-22.415,-47.58,3,0,2,0,41,33,0,13.933333333333332,9.516666666666667,4.416666666666664,DADO HISTÓRICO,
SP,354390,RIO CLARO,9428992,USF JARDIM SAO MIGUEL JORCELINO QUINTINO DE FARIA,,,,,,,,,75.0,SP,2024,10 a 19 anos,0.0,0.0,1.0,1.33,37.0,49.33,19.0,25.33,12.0,16.0,6.0,8.0,9428992,-22.415,-47.58,3,0,2,0,41,33,0,13.576666666666668,13.933333333333332,-0.3566666666666638,DADO HISTÓRICO,
SP,354390,RIO CLARO,9428992,USF JARDIM SAO MIGUEL JORCELINO QUINTINO DE FARIA,,,,,,,,,181.0,SP,2025,10 a 19 anos,1.0,0.55,7.0,3.87,90.0,49.72,43.0,23.76,29.0,16.02,11.0,6.08,9428992,-22.415,-47.58,3,0,2,0,41,33,0,15.089999999999998,13.576666666666668,1.51333333333333,DADO HISTÓRICO,
SP,354390,RIO CLARO,9429115,USF BELA VISTA DR ARINDAL CARNEIRO CESAR PIRES,,,,,,,,,2.0,SP,2020,10 a 19 anos,0.0,0.0,1.0,50.0,0.0,0.0,1.0,50.0,0.0,0.0,0.0,0.0,9429115,-22.428,-47.54,0,0,0,0,3,1,0,0.0,0.0,0.0,DADO HISTÓRICO,
SP,354390,RIO CLARO,9429115,USF BELA VISTA DR ARINDAL CARNEIRO CESAR PIRES,,,,,,,,,64.0,SP,2021,10 a 19 anos,1.0,1.56,5.0,7.81,31.0,48.44,8.0,12.5,18.0,28.13,1.0,1.56,9429115,-22.428,-47.54,0,0,0,0,3,1,0,9.376666666666667,0.0,9.376666666666667,DADO HISTÓRICO,
SP,354390,RIO CLARO,9429115,USF BELA VISTA DR ARINDAL CARNEIRO CESAR PIRES,,,,,,,,,86.0,SP,2022,10 a 19 anos,2.0,2.33,1.0,1.16,55.0,63.95,13.0,15.12,9.0,10.47,6.0,6.98,9429115,-22.428,-47.54,0,0,0,0,3,1,0,12.866666666666667,9.376666666666667,3.49,DADO HISTÓRICO,
SP,354390,RIO CLARO,9429115,USF BELA VISTA DR ARINDAL CARNEIRO CESAR PIRES,,,,,,,,,78.0,SP,2023,10 a 19 anos,0.0,0.0,4.0,5.13,49.0,62.82,17.0,21.79,4.0,5.13,4.0,5.13,9429115,-22.428,-47.54,0,0,0,0,3,1,0,14.576666666666666,12.866666666666667,1.709999999999999,DADO HISTÓRICO,
SP,354390,RIO CLARO,9429115,USF BELA VISTA DR ARINDAL CARNEIRO CESAR PIRES,,,,,,,,,82.0,SP,2024,10 a 19 anos,0.0,0.0,2.0,2.44,50.0,60.98,17.0,20.73,9.0,10.98,4.0,4.88,9429115,-22.428,-47.54,0,0,0,0,3,1,0,8.860000000000001,14.576666666666666,-5.716666666666665,DADO HISTÓRICO,
SP,354390,RIO CLARO,9429115,USF BELA VISTA DR ARINDAL CARNEIRO CESAR PIRES,,,,,,,,,95.0,SP,2025,10 a 19 anos,1.0,1.05,2.0,2.11,59.0,62.11,15.0,15.79,13.0,13.68,5.0,5.26,9429115,-22.428,-47.54,0,0,0,0,3,1,0,9.93,8.860000000000001,1.0699999999999985,DADO HISTÓRICO,
SP,354390,RIO CLARO,9523200,USF JARDIM BRASILIA NEUSA MARIA MORTARI,,,,,,,,,6.0,SP,2019,10 a 19 anos,0.0,0.0,0.0,0.0,3.0,50.0,2.0,33.33,0.0,0.0,1.0,16.67,9523200,-22.432,-47.535,0,0,0,0,1,0,0,25.0,50.0,-25.0,DADO HISTÓRICO,
SP,354390,RIO CLARO,9523200,USF JARDIM BRASILIA NEUSA MARIA MORTARI,,,,,,,,,4.0,SP,2020,10 a 19 anos,0.0,0.0,0.0,0.0,2.0,50.0,0.0,0.0,2.0,50.0,0.0,0.0,9523200,-22.432,-47.535,0,0,0,0,1,0,0,33.333333333333336,25.0,8.333333333333336,DADO HISTÓRICO,
SP,354390,RIO CLARO,9523200,USF JARDIM BRASILIA NEUSA MARIA MORTARI,,,,,,,,,25.0,SP,2021,10 a 19 anos,0.0,0.0,0.0,0.0,13.0,52.0,8.0,32.0,2.0,8.0,2.0,8.0,9523200,-22.432,-47.535,0,0,0,0,1,0,0,19.333333333333332,33.333333333333336,-14.000000000000004,DADO HISTÓRICO,
SP,354390,RIO CLARO,9523200,USF JARDIM BRASILIA NEUSA MARIA MORTARI,,,,,,,,,47.0,SP,2022,10 a 19 anos,0.0,0.0,0.0,0.0,27.0,57.45,10.0,21.28,7.0,14.89,3.0,6.38,9523200,-22.432,-47.535,0,0,0,0,1,0,0,24.296666666666667,19.333333333333332,4.963333333333335,DADO HISTÓRICO,
SP,354390,RIO CLARO,9523200,USF JARDIM BRASILIA NEUSA MARIA MORTARI,,,,,,,,,52.0,SP,2023,10 a 19 anos,1.0,1.92,1.0,1.92,30.0,57.69,14.0,26.92,5.0,9.62,1.0,1.92,9523200,-22.432,-47.535,0,0,0,0,1,0,0,10.836666666666666,24.296666666666667,-13.46,DADO HISTÓRICO,
SP,354390,RIO CLARO,9523200,USF JARDIM BRASILIA NEUSA MARIA MORTARI,,,,,,,,,84.0,SP,2024,10 a 19 anos,1.0,1.19,1.0,1.19,55.0,65.48,17.0,20.24,7.0,8.33,3.0,3.57,9523200,-22.432,-47.535,0,0,0,0,1,0,0,10.946666666666667,10.836666666666666,0.11000000000000121,DADO HISTÓRICO,
SP,354390,RIO CLARO,9523200,USF JARDIM BRASILIA NEUSA MARIA MORTARI,,,,,,,,,73.0,SP,2025,10 a 19 anos,0.0,0.0,0.0,0.0,40.0,54.79,13.0,17.81,13.0,17.81,7.0,9.59,9523200,-22.432,-47.535,0,0,0,0,1,0,0,11.92,10.946666666666667,0.9733333333333327,DADO HISTÓRICO,
SP,354390,RIO CLARO,2030462,UBS DR MARIO FITTIPALDI,,,,,,,,,156.0,SP,2026,10 a 19 anos,1.0,0.64,4.0,2.56,86.0,55.13,29.0,18.59,29.0,18.59,7.0,4.49,2030462,-22.408,-47.575,5,0,7,0,62,38,0,15.231381663243184,14.17,1.1533333333333342,PREVISÃO FUTURA,1.0613816632431838
SP,354390,RIO CLARO,2031922,UBS ORESTES ARMANDO GIOVANNI,,,,,,,,,1.025,SP,2026,10 a 19 anos,5.0,0.49,32.0,3.12,624.0,60.88,201.0,19.61,134.0,13.07,29.0,2.83,2031922,-22.425,-47.555,4,0,4,0,30,44,0,12.174439025173772,12.826666666666666,0.28666666666666707,PREVISÃO FUTURA,-0.6522276414928946
SP,354390,RIO CLARO,2033186,UBS PSF DR GILSON GIOVANNI,,,,,,,,,165.0,SP,2026,10 a 19 anos,0.0,0.0,6.0,3.64,78.0,47.27,43.0,26.06,30.0,18.18,8.0,4.85,2033186,-22.418,-47.585,6,0,1,0,24,29,0,17.775584215378053,17.096666666666668,1.3366666666666678,PREVISÃO FUTURA,0.6789175487113857
SP,354390,RIO CLARO,2049163,UBS PSF DE AJAPI FARMACEUTICO ANTONIO GILBERTO FONSECA,,,,,,,,,214.0,SP,2026,10 a 19 anos,3.0,1.4,2.0,0.93,120.0,56.07,31.0,14.49,39.0,18.22,19.0,8.88,2049163,-22.34,-47.565,0,0,0,0,0,0,0,14.506556658281708,14.876666666666665,0.9299999999999979,PREVISÃO FUTURA,-0.370110008384957
SP,354390,RIO CLARO,2055821,UBS PSF DA ASSISTENCIA,,,,,,,,,75.0,SP,2026,10 a 19 anos,0.0,0.0,2.0,2.67,44.0,58.67,16.0,21.33,10.0,13.33,3.0,4.0,2055821,-22.43,-47.56,4,0,4,0,35,48,0,14.763425222313476,15.030000000000001,0.6800000000000015,PREVISÃO FUTURA,-0.26657477768652593
SP,354390,RIO CLARO,2055902,UBS PSF CELIA AP CECCATO DA SILVA,,,,,,,,,604.0,SP,2026,10 a 19 anos,5.0,0.83,12.0,1.99,369.0,61.09,124.0,20.53,72.0,11.92,22.0,3.64,2055902,-22.402,-47.58,4,0,2,0,55,29,0,12.527372607237034,10.54,0.08333333333333215,PREVISÃO FUTURA,1.987372607237034
SP,354390,RIO CLARO,2060825,UBS DR SILVIO ARNALDO PIVA,,,,,,,,,212.0,SP,2026,10 a 19 anos,0.0,0.0,11.0,5.19,116.0,54.72,52.0,24.53,29.0,13.68,4.0,1.89,2060825,-22.421,-47.545,1,0,2,0,12,14,0,12.175894992800757,12.523333333333333,-0.413333333333334,PREVISÃO FUTURA,-0.3474383405325772
SP,354390,RIO CLARO,2071940,UBS DR NICOLINO MAZZIOTTI JARDIM CERVEZAO,,,,,,,,,255.0,SP,2026,10 a 19 anos,2.0,0.78,5.0,1.96,158.0,61.96,43.0,16.86,34.0,13.33,13.0,5.1,2071940,-22.385,-47.558,9,1,4,5,73,58,0,14.405100010274577,14.799999999999999,-1.5633333333333344,PREVISÃO FUTURA,-0.3948999897254225
SP,354390,RIO CLARO,2074494,UBS DR ANTONIO RAPHAEL MINERVINO SANTOMAURO,,,,,,,,,277.0,SP,2026,10 a 19 anos,3.0,1.08,10.0,3.61,156.0,56.32,57.0,20.58,42.0,15.16,9.0,3.25,2074494,-22.415,-47.561,7,0,12,0,66,74,0,13.610360580283407,12.430000000000001,-1.2133333333333312,PREVISÃO FUTURA,1.180360580283406
SP,354390,RIO CLARO,2085097,UBS PSF PQUE MAE PRETA DR EDUARDO REIS,,,,,,,,,295.0,SP,2026,10 a 19 anos,3.0,1.02,3.0,1.02,167.0,56.61,59.0,20.0,47.0,15.93,16.0,5.42,2085097,-22.38,-47.545,8,1,5,2,37,46,0,14.433674775585578,14.049999999999999,-0.27999999999999936,PREVISÃO FUTURA,0.38367477558557933
SP,354390,RIO CLARO,3347087,UBS PSF DR DIRCEU FERREIRA PENTEADO,,,,,,,,,232.0,SP,2026,10 a 19 anos,3.0,1.29,9.0,3.88,121.0,52.16,53.0,22.84,36.0,15.52,10.0,4.31,3347087,-22.435,-47.55,0,0,0,0,12,9,0,12.938929747663078,13.469999999999999,0.7166666666666668,PREVISÃO FUTURA,-0.5310702523369204
SP,354390,RIO CLARO,3355519,UBS PSF DR NORBERTO ANTONIO SIMAO CARNEIRO,,,,,,,,,175.0,SP,2026,10 a 19 anos,0.0,0.0,4.0,2.29,115.0,65.71,29.0,16.57,23.0,13.14,4.0,2.29,3355519,-22.42,-47.53,0,0,0,0,0,0,0,12.9675945008172,12.573333333333332,-0.38333333333333286,PREVISÃO FUTURA,0.39426116748386697
SP,354390,RIO CLARO,5733022,UBS PSF DR CELESTINO DONATO,,,,,,,,,69.0,SP,2026,10 a 19 anos,1.0,1.45,0.0,0.0,46.0,66.67,15.0,21.74,6.0,8.7,1.0,1.45,5733022,-22.41,-47.54,1,0,0,0,13,1,0,12.793063938762078,12.38,-2.6566666666666663,PREVISÃO FUTURA,0.4130639387620772
SP,354390,RIO CLARO,5870755,UBS PSF DR MOACIR DE OLIVEIRA CAMARGO,,,,,,,,,130.0,SP,2026,10 a 19 anos,1.0,0.77,6.0,4.62,79.0,60.77,21.0,16.15,19.0,14.62,4.0,3.08,5870755,-22.405,-47.55,1,0,3,0,40,34,0,13.320627593166572,10.99,0.913333333333334,PREVISÃO FUTURA,2.330627593166572
SP,354390,RIO CLARO,5981921,UBS PSF DR OSWALDO AKAMINE,,,,,,,,,123.0,SP,2026,10 a 19 anos,0.0,0.0,2.0,1.63,66.0,53.66,31.0,25.2,16.0,13.01,8.0,6.5,5981921,-22.39,-47.54,5,1,2,1,19,18,0,13.375276464681896,10.483333333333333,-0.13333333333333464,PREVISÃO FUTURA,2.8919431313485626
SP,354390,RIO CLARO,7045395,UBS PSF DR EMILIO BELTRATI JUNIOR,,,,,,,,,504.0,SP,2026,10 a 19 anos,1.0,0.2,10.0,1.98,299.0,59.33,97.0,19.25,74.0,14.68,23.0,4.56,7045395,-22.44,-47.57,2,0,0,0,20,28,0,13.045538383186091,13.646666666666667,1.1799999999999997,PREVISÃO FUTURA,-0.6011282834805759
SP,354390,RIO CLARO,7427077,USF JD PROGRESSO JOSE CARLOS DA SILVA,,,,,,,,,106.0,SP,2026,10 a 19 anos,0.0,0.0,0.0,0.0,60.0,56.6,26.0,24.53,14.0,13.21,6.0,5.66,7427077,-22.388,-47.565,8,0,4,4,74,57,0,11.47996357917036,12.556666666666667,1.626666666666667,PREVISÃO FUTURA,-1.0767030874963075
SP,354390,RIO CLARO,9422005,UBS PSF JARDIM SANTA ELIZA,,,,,,,,,132.0,SP,2026,10 a 19 anos,0.0,0.0,10.0,7.58,79.0,59.85,24.0,18.18,13.0,9.85,6.0,4.55,9422005,-22.395,-47.57,6,0,4,2,69,48,0,18.327320903940205,17.003333333333334,-0.6566666666666663,PREVISÃO FUTURA,1.3239875706068727
SP,354390,RIO CLARO,9428992,USF JARDIM SAO MIGUEL JORCELINO QUINTINO DE FARIA,,,,,,,,,181.0,SP,2026,10 a 19 anos,1.0,0.55,7.0,3.87,90.0,49.72,43.0,23.76,29.0,16.02,11.0,6.08,9428992,-22.415,-47.58,3,0,2,0,41,33,0,14.985951328934743,15.089999999999998,1.51333333333333,PREVISÃO FUTURA,-0.10404867106525512
SP,354390,RIO CLARO,9429115,USF BELA VISTA DR ARINDAL CARNEIRO CESAR PIRES,,,,,,,,,95.0,SP,2026,10 a 19 anos,1.0,1.05,2.0,2.11,59.0,62.11,15.0,15.79,13.0,13.68,5.0,5.26,9429115,-22.428,-47.54,0,0,0,0,3,1,0,13.396353855787051,9.93,1.0699999999999985,PREVISÃO FUTURA,3.4663538557870517
SP,354390,RIO CLARO,9523200,USF JARDIM BRASILIA NEUSA MARIA MORTARI,,,,,,,,,73.0,SP,2026,10 a 19 anos,0.0,0.0,0.0,0.0,40.0,54.79,13.0,17.81,13.0,17.81,7.0,9.59,9523200,-22.432,-47.535,0,0,0,0,1,0,0,12.452759690085916,11.92,0.9733333333333327,PREVISÃO FUTURA,0.5327596900859167
SP,354390,RIO CLARO,2030462,UBS DR MARIO FITTIPALDI,,,,,,,,,156.0,SP,2027,10 a 19 anos,1.0,0.64,4.0,2.56,86.0,55.13,29.0,18.59,29.0,18.59,7.0,4.49,2030462,-22.408,-47.575,5,0,7,0,62,38,0,15.436700313612349,15.231381663243184,1.1533333333333342,PREVISÃO FUTURA,0.20531865036916538
SP,354390,RIO CLARO,2031922,UBS ORESTES ARMANDO GIOVANNI,,,,,,,,,1.025,SP,2027,10 a 19 anos,5.0,0.49,32.0,3.12,624.0,60.88,201.0,19.61,134.0,13.07,29.0,2.83,2031922,-22.425,-47.555,4,0,4,0,30,44,0,11.845145145404361,12.174439025173772,0.28666666666666707,PREVISÃO FUTURA,-0.32929387976941094
SP,354390,RIO CLARO,2033186,UBS PSF DR GILSON GIOVANNI,,,,,,,,,165.0,SP,2027,10 a 19 anos,0.0,0.0,6.0,3.64,78.0,47.27,43.0,26.06,30.0,18.18,8.0,4.85,2033186,-22.418,-47.585,6,0,1,0,24,29,0,17.614949773064776,17.775584215378053,1.3366666666666678,PREVISÃO FUTURA,-0.16063444231327784
SP,354390,RIO CLARO,2049163,UBS PSF DE AJAPI FARMACEUTICO ANTONIO GILBERTO FONSECA,,,,,,,,,214.0,SP,2027,10 a 19 anos,3.0,1.4,2.0,0.93,120.0,56.07,31.0,14.49,39.0,18.22,19.0,8.88,2049163,-22.34,-47.565,0,0,0,0,0,0,0,14.111254906408757,14.506556658281708,0.9299999999999979,PREVISÃO FUTURA,-0.39530175187295075
SP,354390,RIO CLARO,2055821,UBS PSF DA ASSISTENCIA,,,,,,,,,75.0,SP,2027,10 a 19 anos,0.0,0.0,2.0,2.67,44.0,58.67,16.0,21.33,10.0,13.33,3.0,4.0,2055821,-22.43,-47.56,4,0,4,0,35,48,0,14.513290343616848,14.763425222313476,0.6800000000000015,PREVISÃO FUTURA,-0.2501348786966269
SP,354390,RIO CLARO,2055902,UBS PSF CELIA AP CECCATO DA SILVA,,,,,,,,,604.0,SP,2027,10 a 19 anos,5.0,0.83,12.0,1.99,369.0,61.09,124.0,20.53,72.0,11.92,22.0,3.64,2055902,-22.402,-47.58,4,0,2,0,55,29,0,12.64548095987155,12.527372607237034,0.08333333333333215,PREVISÃO FUTURA,0.11810835263451604
SP,354390,RIO CLARO,2060825,UBS DR SILVIO ARNALDO PIVA,,,,,,,,,212.0,SP,2027,10 a 19 anos,0.0,0.0,11.0,5.19,116.0,54.72,52.0,24.53,29.0,13.68,4.0,1.89,2060825,-22.421,-47.545,1,0,2,0,12,14,0,11.834009435809907,12.175894992800757,-0.413333333333334,PREVISÃO FUTURA,-0.3418855569908496
SP,354390,RIO CLARO,2071940,UBS DR NICOLINO MAZZIOTTI JARDIM CERVEZAO,,,,,,,,,255.0,SP,2027,10 a 19 anos,2.0,0.78,5.0,1.96,158.0,61.96,43.0,16.86,34.0,13.33,13.0,5.1,2071940,-22.385,-47.558,9,1,4,5,73,58,0,14.278083753914554,14.405100010274577,-1.5633333333333344,PREVISÃO FUTURA,-0.12701625636002267
SP,354390,RIO CLARO,2074494,UBS DR ANTONIO RAPHAEL MINERVINO SANTOMAURO,,,,,,,,,277.0,SP,2027,10 a 19 anos,3.0,1.08,10.0,3.61,156.0,56.32,57.0,20.58,42.0,15.16,9.0,3.25,2074494,-22.415,-47.561,7,0,12,0,66,74,0,14.719116764057631,13.610360580283407,-1.2133333333333312,PREVISÃO FUTURA,1.1087561837742232
SP,354390,RIO CLARO,2085097,UBS PSF PQUE MAE PRETA DR EDUARDO REIS,,,,,,,,,295.0,SP,2027,10 a 19 anos,3.0,1.02,3.0,1.02,167.0,56.61,59.0,20.0,47.0,15.93,16.0,5.42,2085097,-22.38,-47.545,8,1,5,2,37,46,0,14.114878405187172,14.433674775585578,-0.27999999999999936,PREVISÃO FUTURA,-0.3187963703984057
SP,354390,RIO CLARO,3347087,UBS PSF DR DIRCEU FERREIRA PENTEADO,,,,,,,,,232.0,SP,2027,10 a 19 anos,3.0,1.29,9.0,3.88,121.0,52.16,53.0,22.84,36.0,15.52,10.0,4.31,3347087,-22.435,-47.55,0,0,0,0,12,9,0,12.68693523018269,12.938929747663078,0.7166666666666668,PREVISÃO FUTURA,-0.25199451748038776
SP,354390,RIO CLARO,3355519,UBS PSF DR NORBERTO ANTONIO SIMAO CARNEIRO,,,,,,,,,175.0,SP,2027,10 a 19 anos,0.0,0.0,4.0,2.29,115.0,65.71,29.0,16.57,23.0,13.14,4.0,2.29,3355519,-22.42,-47.53,0,0,0,0,0,0,0,12.840318849966268,12.9675945008172,-0.38333333333333286,PREVISÃO FUTURA,-0.1272756508509317
SP,354390,RIO CLARO,5733022,UBS PSF DR CELESTINO DONATO,,,,,,,,,69.0,SP,2027,10 a 19 anos,1.0,1.45,0.0,0.0,46.0,66.67,15.0,21.74,6.0,8.7,1.0,1.45,5733022,-22.41,-47.54,1,0,0,0,13,1,0,12.718261495373618,12.793063938762078,-2.6566666666666663,PREVISÃO FUTURA,-0.0748024433884598
SP,354390,RIO CLARO,5870755,UBS PSF DR MOACIR DE OLIVEIRA CAMARGO,,,,,,,,,130.0,SP,2027,10 a 19 anos,1.0,0.77,6.0,4.62,79.0,60.77,21.0,16.15,19.0,14.62,4.0,3.08,5870755,-22.405,-47.55,1,0,3,0,40,34,0,13.988074469702601,13.320627593166572,0.913333333333334,PREVISÃO FUTURA,0.6674468765360289
SP,354390,RIO CLARO,5981921,UBS PSF DR OSWALDO AKAMINE,,,,,,,,,123.0,SP,2027,10 a 19 anos,0.0,0.0,2.0,1.63,66.0,53.66,31.0,25.2,16.0,13.01,8.0,6.5,5981921,-22.39,-47.54,5,1,2,1,19,18,0,12.790935190686465,13.375276464681896,-0.13333333333333464,PREVISÃO FUTURA,-0.5843412739954308
SP,354390,RIO CLARO,7045395,UBS PSF DR EMILIO BELTRATI JUNIOR,,,,,,,,,504.0,SP,2027,10 a 19 anos,1.0,0.2,10.0,1.98,299.0,59.33,97.0,19.25,74.0,14.68,23.0,4.56,7045395,-22.44,-47.57,2,0,0,0,20,28,0,12.401814725733145,13.045538383186091,1.1799999999999997,PREVISÃO FUTURA,-0.643723657452946
SP,354390,RIO CLARO,7427077,USF JD PROGRESSO JOSE CARLOS DA SILVA,,,,,,,,,106.0,SP,2027,10 a 19 anos,0.0,0.0,0.0,0.0,60.0,56.6,26.0,24.53,14.0,13.21,6.0,5.66,7427077,-22.388,-47.565,8,0,4,4,74,57,0,10.928775535565345,11.47996357917036,1.626666666666667,PREVISÃO FUTURA,-0.551188043605014
SP,354390,RIO CLARO,9422005,UBS PSF JARDIM SANTA ELIZA,,,,,,,,,132.0,SP,2027,10 a 19 anos,0.0,0.0,10.0,7.58,79.0,59.85,24.0,18.18,13.0,9.85,6.0,4.55,9422005,-22.395,-47.57,6,0,4,2,69,48,0,17.22700452112662,18.327320903940205,-0.6566666666666663,PREVISÃO FUTURA,-1.1003163828135856
SP,354390,RIO CLARO,9428992,USF JARDIM SAO MIGUEL JORCELINO QUINTINO DE FARIA,,,,,,,,,181.0,SP,2027,10 a 19 anos,1.0,0.55,7.0,3.87,90.0,49.72,43.0,23.76,29.0,16.02,11.0,6.08,9428992,-22.415,-47.58,3,0,2,0,41,33,0,14.881902657869487,14.985951328934743,1.51333333333333,PREVISÃO FUTURA,-0.10404867106525512
SP,354390,RIO CLARO,9429115,USF BELA VISTA DR ARINDAL CARNEIRO CESAR PIRES,,,,,,,,,95.0,SP,2027,10 a 19 anos,1.0,1.05,2.0,2.11,59.0,62.11,15.0,15.79,13.0,13.68,5.0,5.26,9429115,-22.428,-47.54,0,0,0,0,3,1,0,13.014927776748227,13.396353855787051,1.0699999999999985,PREVISÃO FUTURA,-0.3814260790388243
SP,354390,RIO CLARO,9523200,USF JARDIM BRASILIA NEUSA MARIA MORTARI,,,,,,,,,73.0,SP,2027,10 a 19 anos,0.0,0.0,0.0,0.0,40.0,54.79,13.0,17.81,13.0,17.81,7.0,9.59,9523200,-22.432,-47.535,0,0,0,0,1,0,0,12.778497165406751,12.452759690085916,0.9733333333333327,PREVISÃO FUTURA,0.32573747532083464
